parameter,value,conditional_standard_uncertainty
Zr1_position_dof_1,-0.0011029894145617582,0.002242425972962473
Zr1_position_dof_2,-0.004077925014730282,0.0024841669139547534
Zr1_U_basis_1,-0.10298262702128748,0.00179648993843693
Zr1_U_basis_2,0.1181695367218796,0.002032799258856359
Zr1_U_basis_3,-0.08496529162759155,0.0016340280274704689
Zr1_U_basis_4,-0.018390880216539396,0.002207807544435572
Zr2_position_dof_1,-0.006909069771332034,0.0030064579707663438
Zr2_U_basis_1,0.11237067091502002,0.0027560415425893687
Zr2_U_basis_2,-0.08395819595640754,0.0022511957403972757
Zr2_U_basis_3,-0.08200417413828537,0.0021530600979006455
O1_position_dof_1,-0.01544307762270598,0.011983806534530326
O1_position_dof_2,0.025190322498855056,0.016652906034605407
O1_U_basis_1,-0.050991542448700106,0.00826497253759077
O1_U_basis_2,0.18588812209836958,0.015408261975487406
O1_U_basis_3,-0.053369030249090954,0.008861162952336136
O1_U_basis_4,-0.04077731888818622,0.013502441592858499
O2_position_dof_1,-0.022156084973090854,0.012805227020688738
O2_position_dof_2,0.031803544849523246,0.014654589432752356
O2_U_basis_1,-0.05151185275536268,0.008111375622828793
O2_U_basis_2,0.06891476303872818,0.013471681971870384
O2_U_basis_3,0.13799419906401514,0.012856909335734194
O2_U_basis_4,-0.07395467469393692,0.009762370569632512
O3_position_dof_1,-0.034320483361703374,0.015231857427672248
O3_position_dof_2,-0.010279934707019527,0.012609015155310958
O3_U_basis_1,-0.142140657954461,0.013385449742718738
O3_U_basis_2,0.06949750133725703,0.009244044516251238
O3_U_basis_3,-0.06498949189967818,0.009167201944323604
O3_U_basis_4,-0.06780816157884562,0.013368955384839145
O4_position_dof_1,0.0015040073697005173,0.00902234248285004
O4_position_dof_2,-0.0031157542505262084,0.007627396509541489
O4_position_dof_3,0.02740074140588904,0.008448633546139154
O4_U_basis_1,-0.05674811972552285,0.005884720057553856
O4_U_basis_2,0.01193026915288019,0.006832019630277244
O4_U_basis_3,0.08383922207481966,0.007112366967125614
O4_U_basis_4,-0.038533624900147036,0.0052314681902402155
O4_U_basis_5,0.003958875983959869,0.006538123899169297
O4_U_basis_6,-0.005840467191322296,0.006940057414991866
O5_position_dof_1,-0.0018682003855058078,0.008975524482740044
O5_position_dof_2,-0.005152764015126323,0.009121780569384732
O5_position_dof_3,-0.011632437535337449,0.0094346254237097
O5_U_basis_1,-0.08527292415578341,0.006983608396687226
O5_U_basis_2,-0.002016868694997014,0.007959011722196653
O5_U_basis_3,0.08558573978552354,0.007351476658046454
O5_U_basis_4,-0.058960609342849885,0.006169332565774567
O5_U_basis_5,0.016086190101424307,0.008213993545523813
O5_U_basis_6,-0.04481416311171694,0.007981565349847529
O6_position_dof_1,0.0014045316040343927,0.01882855236647745
O6_position_dof_2,0.004679350729828894,0.012876857546352665
O6_U_basis_1,-0.23856693706911294,0.017734160868133817
O6_U_basis_2,0.06207122673773558,0.009624753791180843
O6_U_basis_3,-0.05467145848013732,0.009033589437618492
O6_U_basis_4,-0.009342609146854907,0.015710144372363684
C1_position_dof_1,-0.01114914586568642,0.014472897723027707
C1_position_dof_2,0.005832850600649917,0.023132946476015447
C1_U_basis_1,0.20110185801323188,0.021860818567484532
C1_U_basis_2,-0.022482549773660463,0.01334782656154097
C1_U_basis_3,0.03071475709725132,0.020409720594027507
C1_U_basis_4,-0.060031754783302055,0.013416998934991292
C2_position_dof_1,0.03386133080713323,0.018225614204690512
C2_position_dof_2,0.0350461843790756,0.017206402803387897
C2_position_dof_3,-0.010334280264757049,0.014794549909184985
C2_U_basis_1,-0.06887762020666655,0.01088558425783022
C2_U_basis_2,0.08443758341639847,0.016438765859558106
C2_U_basis_3,0.16398288903593586,0.017361957960568605
C2_U_basis_4,-0.09740541260747951,0.011061308657945716
C2_U_basis_5,-0.02814135611760641,0.013586096338473089
C2_U_basis_6,-0.03678980357666893,0.015740100521943735
C3_position_dof_1,-0.016632399033108997,0.01772456754020496
C3_position_dof_2,0.0015555896286684758,0.01656344002726451
C3_position_dof_3,-0.027549370700893618,0.013660367967885832
C3_U_basis_1,-0.048776724433110166,0.009498476887568415
C3_U_basis_2,0.08068170220054753,0.015346416292810212
C3_U_basis_3,0.14163712407154724,0.01565492379724428
C3_U_basis_4,-0.09262296330119602,0.010678524445576671
C3_U_basis_5,-0.004353866261143744,0.011991562735654342
C3_U_basis_6,-0.0015718062996270576,0.012197941544234932
C4_position_dof_1,-0.008976282794582326,0.01727100823360843
C4_position_dof_2,-0.027063673961203554,0.014572652838334593
C4_position_dof_3,-0.005323367786755058,0.015592004746707947
C4_U_basis_1,-0.08362136420917193,0.012333043150822101
C4_U_basis_2,0.03758404142581842,0.01418580173767126
C4_U_basis_3,0.13842059908242274,0.01607766357663848
C4_U_basis_4,-0.06570236303971554,0.01092392383809953
C4_U_basis_5,0.013985349673263314,0.01213277419274123
C4_U_basis_6,-0.007600089258200856,0.013028132601029857
C5_position_dof_1,0.0017833935561220968,0.01515644886617269
C5_position_dof_2,0.0026045593546928226,0.014503805204635267
C5_position_dof_3,0.01627270429706564,0.014135257157536971
C5_U_basis_1,-0.06856596346322957,0.010177247625029813
C5_U_basis_2,0.02978951702748125,0.012916081141816154
C5_U_basis_3,0.11632329256294147,0.013165047903348121
C5_U_basis_4,-0.0680806434478493,0.008809991229830848
C5_U_basis_5,0.0020499411431664375,0.012167439136059978
C5_U_basis_6,-0.05444801390714877,0.01303020492761884
C6_position_dof_1,-0.005072032027018243,0.015442479977878136
C6_position_dof_2,-0.00027339210389066854,0.013649345527616073
C6_position_dof_3,-0.018254251993143563,0.013722626005302467
C6_U_basis_1,-0.057877971371730084,0.007924285601289547
C6_U_basis_2,0.07524611011362428,0.014584191823747615
C6_U_basis_3,0.13730650296750316,0.014466704020592986
C6_U_basis_4,-0.08775268064046221,0.012020819484576247
C6_U_basis_5,0.0025361446965227567,0.011070657484581872
C6_U_basis_6,-0.018029485093845006,0.014592831417530674
C7_position_dof_1,0.01795657269734187,0.014512572806807438
C7_position_dof_2,0.002093412095378597,0.014846807481203813
C7_position_dof_3,0.0029434930819962767,0.01385969957320081
C7_U_basis_1,-0.07255487090636295,0.01035758958706938
C7_U_basis_2,0.03141049787697997,0.011705741911226903
C7_U_basis_3,0.08298846037566257,0.011569690306237853
C7_U_basis_4,-0.07059402848951118,0.008787556061208242
C7_U_basis_5,-0.009929293270817591,0.01170234638890089
C7_U_basis_6,-0.014820629330330248,0.0111120722467683
C8_position_dof_1,0.004504763806761281,0.015901704674817958
C8_position_dof_2,-0.004771274309204008,0.013825316411080158
C8_position_dof_3,-0.00931850736947775,0.013619937374048766
C8_U_basis_1,-0.058317149105584554,0.007894865036921338
C8_U_basis_2,0.07977261075863229,0.014722318394946933
C8_U_basis_3,0.15072693407568538,0.015351392232972652
C8_U_basis_4,-0.09096096221290129,0.01194541998731058
C8_U_basis_5,-0.0001487699748503599,0.01109259005268668
C8_U_basis_6,-0.028068862764571958,0.014676814158556623
C9_position_dof_1,0.02189724988273083,0.016383576814304086
C9_position_dof_2,-0.011620617567510472,0.014365208441584244
C9_position_dof_3,0.017534901336827502,0.011354273893458708
C9_U_basis_1,-0.0628294397108961,0.010161473676237091
C9_U_basis_2,0.08932790411902088,0.01624392884416689
C9_U_basis_3,0.18556593610066185,0.01731893255520298
C9_U_basis_4,-0.08793271703910124,0.011711903486446192
C9_U_basis_5,0.014814907802899178,0.010911384630645508
C9_U_basis_6,0.011276656333511196,0.013935921091977228
C10_position_dof_1,0.048091904255638536,0.016288514579750602
C10_position_dof_2,0.020620779895083048,0.0148801486118188
C10_position_dof_3,0.004445962989484209,0.014944652559291227
C10_U_basis_1,-0.08259131694005496,0.011811086261967566
C10_U_basis_2,0.046663891909483834,0.01429288570086067
C10_U_basis_3,0.11371388767303124,0.014090373658962712
C10_U_basis_4,-0.08760553581865006,0.012158790410275908
C10_U_basis_5,-0.011422746617566402,0.012148667148507382
C10_U_basis_6,-0.05681343491678614,0.013020324365340126
C11_position_dof_1,-0.0026096286835615694,0.01958287921242094
C11_position_dof_2,0.016519272268590412,0.023247049336898744
C11_U_basis_1,0.18028581550591616,0.021734975577284703
C11_U_basis_2,-0.003676152023659173,0.014406965851643081
C11_U_basis_3,0.021342669312542605,0.02274505433705957
C11_U_basis_4,-0.06727918152636862,0.015481517318682244
C12_position_dof_1,0.013230433047565581,0.015228409376238908
C12_position_dof_2,-0.019013302959915213,0.014273971310798213
C12_position_dof_3,0.00832691842566461,0.013517620871904949
C12_U_basis_1,-0.05297943620631785,0.00945891443405009
C12_U_basis_2,0.015269491661379744,0.01164471910302944
C12_U_basis_3,0.09327080630271634,0.012778267167344407
C12_U_basis_4,-0.05521690831452511,0.008209338177947107
C12_U_basis_5,-0.005437866263588268,0.010401134948214805
C12_U_basis_6,0.00842921921190994,0.010091703867192959
log_intensity_scale,-6.514119149907268,0.01136502693990736
