h,k,l,I,sigma,multiplicity,d,absent_212121,Fc2,weight,phase_rad
0,0,2,270.5428499574283,6.85256368159629,3,6.150900861196838,False,294.87923988716545,0.008266571234775122,3.141592653589793
0,0,4,7247.887582793603,146.2707200709252,4,3.075450430598419,False,7789.854867867833,1.3604515572184364e-05,3.1415926535897927
0,0,6,127.54316757739171,4.042537442972221,4,2.050300287065612,False,125.81459067946541,0.032552798171157374,9.28831547261994e-16
0,0,8,47.65294149600068,2.5026409486184984,4,1.5377252152992096,False,57.472955668444584,0.1122703935699408,3.1415926535897922
0,0,10,4.950560366042554,1.384911597882743,4,1.2301801722393677,False,2.8326512862132693,0.5183361113085055,-3.141592653589793
0,0,12,221.959313830854,8.875487107537742,3,1.0251501435328063,False,207.22953893635258,0.008383838422359994,-2.071963647029059e-15
0,0,14,77.26220755063375,6.514619885768716,2,0.8787001230281197,False,58.36049384791513,0.02164351590131606,-8.126517921760194e-16
0,0,16,24.433747184023016,5.342340658117603,1,0.7688626076496049,False,17.634058038603328,0.03460563067548695,-3.141592653589793
0,1,1,391.8116294530959,12.208305879547094,2,5.371718637203467,False,421.956435078717,0.003314063764296696,-1.5707963267948961
0,1,2,7699.409911220213,219.5081333713562,2,4.2843445068154935,False,8267.926619886855,9.352911011469183e-06,1.5707963267948963
0,1,3,110.42815426127814,5.195385873478762,3,3.3802559378833554,False,140.4733816893557,0.02363542431371802,1.5707963267948961
0,1,4,2339.4957434935777,39.38144499943274,6,2.7340994599594666,False,2272.7560012258346,0.0001589515428655713,-1.5707963267948966
0,1,5,420.385826007604,7.0091012771665495,8,2.2748146113080274,False,409.3138387444285,0.004934796051503638,1.570796326794897
0,1,6,70.23755193139463,3.0291126752851145,8,1.9391660941738875,False,72.6627387305013,0.07234715609541512,-1.5707963267948946
0,1,7,24.921245110780063,1.5326807284583912,7,1.685896889433066,False,25.743317061144,0.34095673911188695,-1.570796326794894
0,1,8,481.6194775784944,8.437096872856571,8,1.4891369223764492,False,450.71496176915616,0.0038100008300753414,1.5707963267948961
0,1,9,2.8099282330443027,0.7993613033264372,8,1.3324021614001986,False,3.4507460448527736,1.5422339065964168,1.5707963267948855
0,1,10,46.0434361211134,1.8465346829234768,9,1.2048749505561251,False,47.12726310052764,0.18594112898026033,-1.5707963267948966
0,1,11,94.8578974054382,3.399860092666048,7,1.0992317095023487,False,97.05348490685417,0.05022820999174798,1.5707963267948961
0,1,12,33.22643615500369,2.829945987993363,6,1.010367358099352,False,32.6022511708592,0.11139009653241616,-1.5707963267948961
0,1,13,52.619579562806514,2.959138260192661,6,0.9346282231266718,False,50.2773167457682,0.09006792354221113,-1.5707963267948946
0,1,14,3.9354566298140448,1.5602920192763428,4,0.8693373422582262,False,2.470936541059983,0.4094347074530394,1.5707963267949123
0,1,15,70.91012621122938,5.899344347635423,4,0.812492165849359,False,71.43356746906039,0.025398531969610626,-1.5707963267948977
0,1,16,13.82835196780643,3.186425567047749,2,0.7625667659167401,False,23.08482951475487,0.09511777614966958,1.5707963267948974
0,2,0,46.533101710904965,4.126662478805142,1,2.985528567298874,False,62.417802125635866,0.0500849780134408,-3.141592653589793
0,2,1,54.23668514858112,4.488700590673982,1,2.901309384886249,False,72.81201732309633,0.04142010297815481,-1.5270368980739961e-15
0,2,2,2386.5991026804454,69.86900005943737,2,2.6858593186017337,False,2273.2917420870735,0.00010321429947176369,3.1415926535897927
0,2,3,940.0166781909838,29.132723410929856,2,2.4135878113772864,False,986.9912154082594,0.0005889784619989868,-7.770765922605692e-17
0,2,4,67.98151432290341,3.2947194644641145,5,2.142172253407748,False,65.50672792732043,0.06749883127471855,-1.8426226210573307e-15
0,2,5,139.12872906077297,3.898788151952681,5,1.8986990871861864,False,142.0484418136115,0.03020014859230983,-3.141592653589792
0,2,6,2647.8383914529127,89.47537415491276,6,1.6901279689416782,False,2536.9658365260734,7.159010772818725e-05,-2.5549079042654044e-16
0,2,7,291.3456825942693,6.673432947821774,6,1.5144957600355031,False,296.14731271637953,0.008155499959841309,-3.1415926535897913
0,2,8,1.2974017403589213,1.1408160983764153,7,1.3670497299797333,False,3.1063393627199094,0.7650515559091284,3.1415926535897927
0,2,9,279.3839493217432,6.821852771546894,6,1.2428070418839443,False,275.24999911390466,0.008664891738937384,-4.5612455643787146e-17
0,2,10,266.21185213632907,8.120709426814571,4,1.1374073056540135,False,238.08432542288122,0.008260460111668439,3.1415926535897927
0,2,11,4.6517640168928285,1.426972160446571,4,1.0472811336732148,False,1.8507790356413514,0.4894218150525936,3.1415926535897816
0,2,12,33.08523297113706,3.509844163743493,4,0.9695830470869438,False,30.118878064229428,0.07581546154107081,3.1415926535897882
0,2,13,157.52337304159198,15.069363244666407,3,0.9020644140507034,False,168.7688554765758,0.003974653240776896,3.141592653589792
0,2,14,7.030750243629878,2.836295808151481,2,0.8429484447165332,False,6.212952438868363,0.1237251631243577,3.1415926535897905
0,3,1,32.013438521712224,4.145945773981588,1,1.9648020398830013,False,31.062748090856573,0.0553248050457727,1.5707963267948968
0,3,2,1.6771048033501197,1.523409466631765,2,1.8936778446511109,False,2.5064853556341884,0.43006087976525414,-1.5707963267948972
0,3,3,64.23540389758419,4.29064185607963,2,1.790572879067822,False,59.49164112604835,0.04594215085382527,-1.5707963267948972
0,3,4,593.4348591894135,60.78493649783745,3,1.670952471929134,False,570.046550044788,0.000250292789328162,-1.5707963267948974
0,3,5,215.681523860878,4.87147499169967,7,1.5474118230663056,False,228.66440643590133,0.01448739020582469,1.5707963267948968
0,3,6,56.64589709223191,2.327154663736055,6,1.4281148356051647,False,56.50460723500252,0.12057021623618894,1.5707963267948966
0,3,7,284.9741386629574,6.696276400722809,6,1.3173688300587778,False,272.8863909334142,0.008783178968946686,-1.570796326794897
0,3,8,84.54887535174034,3.3039787150430637,6,1.2168600480891487,False,79.12350647240906,0.059483944171621506,1.570796326794897
0,3,9,96.4384582001176,4.620021344531632,4,1.126751979294452,False,107.54385960408933,0.03220662893053964,-1.570796326794898
0,3,10,27.69611466738719,2.424599640539805,4,1.0464361813085106,False,29.863817744301514,0.1505349684462995,-1.5707963267948963
0,3,11,222.75397281726,9.07512451826698,4,0.9749795237733864,False,231.39866010221462,0.007730615066855753,1.570796326794895
0,3,12,13.588919405841615,1.919904958557295,4,0.9113664866531554,False,11.92164747423815,0.2613591796098346,1.5707963267948932
0,3,13,0.9848502738225816,4.079683114171597,2,0.8546190002439473,False,0.6648874545099985,0.060080447598859096,-1.5707963267948981
0,3,14,2.735422696294981,2.3856181214568823,2,0.8038483495799427,False,2.8865889321540514,0.17548743737818231,1.5707963267949083
0,4,0,519.2878412644416,18.535987644222185,2,1.492764283649437,False,475.73677572600945,0.0017860457345516014,-6.771549759007992e-16
0,4,1,398.1178929351133,12.281953286361954,3,1.4818939667091318,False,402.71369235139866,0.003381825214849887,-3.1415926535897927
0,4,2,28.655378702894502,2.299032745101949,4,1.4506546924431245,False,32.25688845143865,0.162506436065619,3.2703154398532785e-15
0,4,3,1.4022238862748966,1.130543277653401,4,1.4027101449735846,False,0.3714558039397631,0.7821125991313577,-3.14159265358979
0,4,4,37.55613965238174,2.679821518030457,4,1.342929659300867,False,43.62057955245389,0.11443123266987398,3.1415926535897927
0,4,5,16.688680641273464,1.9838514790103048,4,1.276232290798614,False,17.632093861639458,0.23777967643043663,4.930039409213323e-16
0,4,6,121.36622126267464,3.889852886280437,6,1.2067939056886432,False,118.81396285612807,0.035690553080082586,3.1415926535897913
0,4,7,92.0862383553691,4.439344180566001,3,1.1377234836391337,False,100.96067964307029,0.035271101957104735,3.141592653589792
0,4,8,149.76836331869603,15.566111963003651,4,1.0710861267038736,False,140.53643603796675,0.0038333818845185945,3.1415926535897927
0,4,9,93.79578913001076,5.25748425796913,3,1.0080961282840688,False,91.31392378507508,0.02834295331501603,-4.230281748803213e-16
0,4,10,71.83741700966374,4.769819893699742,3,0.9493495435930932,False,70.09948298033838,0.0367011437305329,-4.655858420504427e-16
0,4,11,10.108856543402757,2.289699122420119,3,0.8950296658994232,False,14.453834366003218,0.1853584583630512,-5.0241147389063945e-15
0,4,12,190.11211492013916,11.344993673582016,2,0.845063984470839,False,178.85739245809106,0.006300390439840661,6.501690056250426e-16
0,4,13,44.80560428658816,7.894861390938766,1,0.7992340566989374,False,35.13205544267085,0.015710194295166967,-3.1415926535897927
0,4,14,9.436474378004124,3.8295879301293176,1,0.7572478800177517,False,5.260392206990093,0.06800143269372884,-3.141592653589791
0,5,1,36.34728123270983,2.8525979423319385,4,1.1886238967104243,False,39.45408804852193,0.10564455136743757,1.5707963267948981
0,5,2,79.13032954116287,4.127052854844646,4,1.1723204416436488,False,68.24653978923052,0.046121434001252314,1.570796326794896
0,5,3,230.6418629630424,11.22545162816337,2,1.14657794395277,False,240.6352342984939,0.005659544545841085,-1.5707963267948966
0,5,4,49.8740335559308,4.97905092406342,2,1.1132302226295216,False,56.867958287770904,0.036406291778568065,1.570796326794897
0,5,5,72.88375936240298,5.884605233209249,2,1.0743437274406933,False,72.24354905108794,0.02541065530877476,1.5707963267948954
0,5,6,-3.376993324341652,1.9470023480997003,2,1.0319280717451114,False,0.6698629894770882,0.26378280729216474,1.570796326794898
0,5,7,11.593149013680126,1.911831688841361,4,0.987739524157385,False,12.55459123971198,0.26386575012796853,1.570796326794891
0,5,8,13.896770051865651,2.269466112008822,3,0.943187361193358,False,16.837908334376127,0.1859845140048632,-1.5707963267948977
0,5,9,21.468405153576462,4.540928211144983,2,0.8993213939094824,False,22.755031990762852,0.047463913803010446,-1.5707963267948981
0,5,10,46.10804444386923,4.672657724476604,2,0.8568689013630989,False,46.03021916851516,0.042118061987891954,-1.570796326794898
0,5,11,21.324578911773845,5.237555195488666,1,0.816293294348228,False,17.490543292056735,0.03603731083328847,1.5707963267948934
0,5,12,4.297006284570097,3.0365691658667897,1,0.7778560445323007,False,0.1681674276232665,0.10842577696358659,-1.5707963267948752
0,6,0,79.9917141795875,9.526287342396303,1,0.9951761890996248,False,79.76755613669128,0.010364041121706732,-3.1415926535897927
0,6,1,75.36341677745058,6.308441431676551,2,0.9919357247838096,False,69.41740113627417,0.022530378742764957,3.141592653589791
0,6,2,9.668738585169724,3.107661464973844,2,0.9824010199415004,False,5.277776757912672,0.10310913288122957,3.1415926535897913
0,6,3,12.65370689102332,3.2013748564644198,2,0.9671031282954164,False,18.499488150803526,0.09528038302615216,-1.9542902953375646e-15
0,6,4,6.065259064187904,2.590571869192509,2,0.9468389223255552,False,7.957552413725859,0.14794263925539494,-5.0295671330637574e-15
0,6,5,56.906038678165565,5.7063718265451975,2,0.9225645639890396,False,58.979263507875274,0.0280737640706696,1.473568449460909e-16
0,6,6,70.09413189408713,6.538993029984768,2,0.8952864395339111,False,59.99811469704297,0.021564804205148003,7.934755372783262e-16
0,6,7,56.17908622096959,3.954394093803956,4,0.8659698847159163,False,51.84153929725006,0.054966751823612124,3.1415926535897922
0,6,8,26.008649749369606,4.456597966991075,3,0.835476235964567,False,18.832406897728536,0.049342034957144884,-1.3386614271573363e-15
0,6,9,1.1345461463733464,1.798502718243014,3,0.8045292704590957,False,1.6349558832408433,0.30897078647348625,8.486032946761152e-15
0,6,10,50.93324981524495,8.180524327221379,1,0.773705911533153,False,49.484942981226155,0.01445753913247482,3.1415926535897922
0,7,1,0.6897460470146369,2.0240856803526133,2,0.850964874588545,False,0.32870704976476994,0.24407482017562432,1.5707963267948843
0,7,2,52.96100919891118,5.831683918199649,2,0.8449220020151371,False,52.561167797846764,0.027391579075807318,-1.5707963267948946
0,7,3,9.858338390064231,4.874350634794015,2,0.8351304486898709,False,11.06163535575273,0.041908380628538695,-1.5707963267948992
0,7,4,11.892229632347217,3.3534488504177444,2,0.8219770515359567,False,10.324156531373657,0.08809402269889784,-1.5707963267949
0,7,5,45.20728698342336,5.543711273105729,2,0.8059445500463998,False,34.00745943874627,0.031235687953111543,1.5707963267948932
0,7,7,1.3755139071481064,2.035499962471649,2,0.7673883767433526,False,3.29214099346054,0.24098731992602976,-1.5707963267948997
1,0,1,1087.6105583190365,20.03973907595452,5,5.243955554932642,False,1104.6099280737214,0.0006718174032198375,1.5707963267948963
1,0,2,164.0273476651643,8.330229348136497,1,4.218676119509166,False,256.48836453937656,0.008678572023678298,-3.1415926535897927
1,0,3,1002.39507040359,16.067537443032,7,3.347723093238599,False,954.581682490535,0.0009042546424091185,1.5707963267948966
1,0,4,120.82352450419042,4.445780439908035,8,2.716797960733811,False,121.18812232303604,0.030343173177885277,3.141592653589793
1,0,5,-0.0410454712877228,0.8987683885652363,5,2.264820433518788,False,0.399479936312273,1.237855938852389,1.5707963267949172
1,0,6,616.9482551501832,19.39846076802004,7,1.9329640327390845,False,579.0041396361428,0.0014464491124665932,-9.648389002888362e-16
1,0,7,38.17749183298356,1.7817686097994718,7,1.6818165847914273,False,41.48544258117448,0.21540603111797085,-1.5707963267948977
1,0,8,62.005675765521815,2.0399982509767254,9,1.4863227552110732,False,64.43492878834797,0.12812397885001156,-3.1415926535897905
1,0,9,29.42715977229477,1.4967326473537288,9,1.330385200757993,False,36.66776872427171,0.30337840313738984,-1.5707963267948974
1,0,10,142.47183449277733,3.6393742590466016,9,1.2033828535589342,False,133.95688158321056,0.03323727108730439,3.14159265358979
1,0,11,77.39548670838245,2.9809106712531026,7,1.098098333244993,False,74.11082082751739,0.0715504864657677,-1.570796326794898
1,0,12,70.7273581606758,3.4690720062236124,5,1.0094870220686154,False,68.02302795280595,0.06131221715370977,-1.160340148480677e-15
1,0,13,14.983966375232905,2.072364740137536,5,0.9339312610888756,False,15.810865902961144,0.22163607502750612,1.5707963267948997
1,0,14,36.19081953333895,3.18673321241618,4,0.868776393816889,False,29.26812511479386,0.09047648088237176,-3.1415926535897896
1,0,15,66.66629511878035,4.444547380755177,4,0.8120341624994022,False,71.75318824756555,0.04137144034408186,1.570796326794896
1,0,16,1.2152723669901868,1.735264724772891,2,0.7621880718792979,False,1.9447563569334485,0.33181256483042365,-1.4783122574419368e-14
1,1,0,95.05750910536878,5.163054605069631,2,4.159282585250937,False,72.6986007035245,0.030827118727621096,-1.5707963267948952
1,1,1,189.3218351177029,3.678605625849383,6,3.9401670499401713,False,202.43315207587412,0.020475818531322163,-0.21289011570565208
1,1,2,154.7259728167949,3.2777128093352963,6,3.445486110466344,False,142.67655266848348,0.033211138879052304,1.1907240161570898
1,1,3,1473.4585081599964,19.350225932218464,12,2.9200886066727203,False,1440.100293432055,0.00044055503645754984,-1.9761486431202129
1,1,4,212.44918429061283,3.1607171388402886,13,2.472863336741859,False,200.8810210337794,0.020957468534778177,-0.3588175751987137
1,1,5,575.852400575889,7.074154161436328,14,2.117608947777143,False,566.601506619055,0.0029228543928361194,-1.5870564766919004
1,1,6,25.908369682459597,1.3901989496478775,15,1.8390041451243924,False,29.961358439659406,0.37462242935071216,-1.005087564960658
1,1,7,407.6665699572069,6.148121481047393,17,1.6188286013079145,False,405.95153244009083,0.005360943959589783,1.20820888220483
1,1,8,273.69699924966955,3.864069602953693,16,1.4423102366494231,False,261.3681410805256,0.012761352624898742,2.076948634508476
1,1,9,270.3224943993802,3.961172492930322,16,1.2985441860161795,False,267.32184447514516,0.012424225612999915,1.8832244337715052
1,1,10,141.44705705512823,2.506924864488644,17,1.179664235252623,False,136.1615166790707,0.04272546354073041,-2.0733245447625728
1,1,11,13.89575666489722,1.0290517176853184,13,1.0799873353924754,False,15.87869388677812,0.7890350488394907,2.2485414270670367
1,1,12,2.9968325324798983,0.7270697007110749,12,0.9953623078796582,False,3.4427170350225955,1.8573678691234947,1.5936656846597985
1,1,13,119.00782688481384,3.4749270824682075,10,0.9227128374567768,False,117.48907180920536,0.04064101600691891,-0.9938585388099113
1,1,14,20.69390010691807,1.722294822614967,8,0.859724025663573,False,16.49979142869363,0.3072576736567528,1.0622491515550698
1,1,15,50.13458324575023,3.034983751559869,7,0.8046275976444219,False,55.57007074076095,0.08465904005625711,-1.642382195122662
1,1,16,30.03828814266284,6.043996630490458,1,0.7560534754367116,False,41.7587679738237,0.026441458264630652,-1.1715025354063693
1,2,0,1.604039688925657,0.867055218622892,4,2.6542118369006067,False,1.857436402326532,1.3251811942156826,1.570796326794903
1,2,1,87.53775904792809,2.4228997319352183,6,2.594509579563997,False,90.4695442231018,0.07646179996532981,0.7581302478338645
1,2,2,389.2039555219415,6.581635702295359,8,2.4369999510174125,False,423.2488570334759,0.005101682306356915,-0.19094996256837463
1,2,3,686.605941321184,11.296755479857277,9,2.2281784208532125,False,648.3618634339025,0.0019194759256460463,-2.5319948041959286
1,2,4,219.4393269168548,3.729592515508468,11,2.009369289567528,False,224.14067710159915,0.017095485622512042,3.1145306314523964
1,2,5,542.1488690775393,16.920716557163555,11,1.8043810925743984,False,525.0120801109099,0.0018524962617771793,-1.2311908947718242
1,2,6,20.702498457805863,1.5385835641827732,12,1.6225734406286745,False,21.344441870999198,0.3611301171697587,1.4325220981962663
1,2,7,123.69144958947317,6.069178481289018,12,1.4653146712877014,False,122.89605961897252,0.019807216203144646,1.0177869048455774
1,2,8,3.4826700464851874,0.8225538269977256,12,1.3305538156960068,False,4.4452706347216004,1.4452866904577732,1.3503429203191002
1,2,9,305.99647544519416,4.950552564483766,13,1.2151945419364765,False,294.84726337562637,0.009547973169073212,1.65472120818953
1,2,10,9.258241413656815,0.9707912777646164,10,1.1161267106141537,False,11.423019934360523,0.9564759191510093,-0.5283965405969044
1,2,11,8.192200031630499,1.0285656389634066,8,1.030598146462535,False,8.367601779798662,0.892790079964943,-1.948669209797297
1,2,12,32.832938172830055,2.2869430741328927,6,0.9562994136409768,False,29.303748629408265,0.16484642339526442,-0.010558786968925501
1,2,13,72.10890886386822,3.574946290444293,6,0.8913375998760641,False,69.01751423542801,0.05815207172187102,-2.3687201511874134
1,2,14,49.239347494619366,3.422020393689838,5,0.8341755956277656,False,46.78992859338105,0.07272748868530882,-2.9466069627732043
1,2,15,6.996107356834287,4.144294685369864,1,0.7835676283069763,False,13.120670316637096,0.05785145425377884,-0.07102322015163182
1,3,0,295.8610753384535,21.00530580936834,4,1.8824867223354045,False,295.13209550298103,0.0019240218674258043,-1.5707963267948972
1,3,1,423.1668381418041,29.614888671010128,6,1.8608255645627243,False,415.22203841988136,0.0009669348447660183,1.331351389425075
1,3,2,61.28145950108942,5.5922281679647785,8,1.80006993023518,False,61.615660787011706,0.028837140871908234,2.4059357916781487
1,3,3,542.1080869849707,9.30429762923575,8,1.7108209807910275,False,520.6383509041858,0.0029648899352156958,2.2803827060057325
1,3,4,114.2099056747762,3.653519350836003,6,1.6055840321290218,False,105.88959446668787,0.04170995728033449,2.3046242493458178
1,3,5,30.156028401530644,1.7575274492597663,11,1.4950646315714733,False,29.106460941853324,0.25841040418514555,1.189003372331239
1,3,6,67.69971418656422,2.835513885867043,12,1.3866566902015824,False,60.52462850692784,0.0861864477981503,-1.8731776169809677
1,3,7,192.17349796744892,3.6681605206905785,12,1.2846162408309072,False,187.24082528091128,0.021946582988319446,-0.1881381963941467
1,3,8,47.80334017840631,1.6420162333457171,13,1.1909056704116372,False,49.53436049180894,0.206042890101586,-0.8031327125655794
1,3,9,398.63312645533415,7.902119207255425,8,1.1060531080741876,False,393.89656172433075,0.004921154571898571,-1.7401236912992268
1,3,10,33.98236844402594,2.2217766177493465,7,1.0297929032654312,False,35.86715450661952,0.16518277831409187,0.0851262011994549
1,3,11,50.72980201120448,3.506133147814098,7,0.961475936021441,False,52.314037354620694,0.0679968203400526,2.738411992546597
1,3,12,56.07148563390045,3.469603482079347,5,0.9003084671157554,False,53.76473727439315,0.06795933368150567,1.7453356180651265
1,3,13,70.86191671576005,4.077519007957634,5,0.8454806683998368,False,72.81462281952456,0.0469197134547991,1.2998723992530308
1,3,14,31.23455824970725,4.547666704839256,2,0.7962297919303941,False,24.18067913319704,0.046915709387083816,-2.5155093214888598
1,3,15,4.239327139642828,3.0857600508032843,1,0.7518667688428132,False,1.0079718778524238,0.10497775187137452,-0.8511926209453643
1,4,0,3.55704469750579,1.4956891191409636,4,1.4456053069087234,False,5.012326730941897,0.4433542974892096,-1.5707963267948921
1,4,1,164.77991301232103,4.639544839794967,6,1.435726326983524,False,159.79045969344065,0.022229191958350446,1.3792827392378575
1,4,2,36.88585397375376,1.8079030265535243,8,1.4072619324321949,False,36.38139109782642,0.22367366794796006,0.3136766242322113
1,4,3,161.62507347227958,4.081195481401302,8,1.3633655305892616,False,168.50680341462507,0.02408467837349217,1.3722791770163538
1,4,4,22.037067987386965,1.5107763395409226,8,1.3082835483265638,False,21.584765446000628,0.3693256662631182,1.4946014467922286
1,4,5,58.66473301951077,2.070079324678236,9,1.246385235136498,False,58.41900542252696,0.13577078646444032,-0.5080972626493558
1,4,6,39.13109542111591,1.5649175910869106,11,1.181465058748428,False,34.830301854646315,0.2752905386392024,-2.133723666440525
1,4,7,299.6628325589766,7.183629147526431,6,1.116425467124926,False,301.96571690842046,0.0075045377223005565,-2.9966742825894572
1,4,8,44.83289922810557,2.193605121212121,7,1.0532589369438548,False,44.78282511511006,0.15109833516183319,-1.5336995390961365
1,4,9,3.1855886369701345,0.9627710321625113,7,0.9931905576535538,False,3.913332756897383,1.0649001278380472,-1.7866187620889575
1,4,10,30.107738123620724,2.290266538073552,6,0.9368697501433246,False,27.78809692159333,0.16723833177232922,0.632356974908599
1,4,11,246.3917785461391,8.076798084034142,5,0.8845489658539437,False,252.14966292344457,0.008224467731876323,-0.29280129859738396
1,4,12,38.46618002495927,2.747537214341563,6,0.8362256090765096,False,44.03339730409161,0.10928932136391224,2.112840858058909
1,4,13,28.81547824735901,3.3677313932163546,3,0.7917447297214624,False,33.23191463639011,0.08163647929761195,2.8008436838971136
1,4,14,30.648172397649123,6.437309795697321,1,0.7508687983710352,False,32.81510998575173,0.023603882753395394,-2.5699460745392897
1,5,0,15.79391922952764,2.923901153198756,2,1.169650682930252,False,14.239608662721096,0.11434834585678486,1.570796326794898
1,5,1,139.2970813390807,4.0067935911277095,8,1.1643993607385772,False,137.50088478219547,0.03010348974568818,-1.0337872690616279
1,5,2,95.29368233267162,3.505600784915843,8,1.1490598613908698,False,91.45923571758112,0.04992647559223376,-0.2590948403385714
1,5,3,377.0444778821969,11.11070007759078,4,1.1247882853194724,False,379.7364516005847,0.003958593780658454,-1.670296291029072
1,5,4,7.601443321616784,1.7746367184695877,4,1.0932545915289658,False,8.914191565136589,0.3111384752304819,-0.8634891450725667
1,5,5,36.14907367502786,3.5239299725169824,4,1.0563561042471084,False,50.09559761773507,0.07004303914210062,1.971137175890777
1,5,6,61.370644281064266,3.1189505938878552,6,1.0159570459090654,False,66.41190020496217,0.07407960035701075,2.3393221682040064
1,5,7,137.70031715672715,5.9831191084853454,7,0.9737064296663418,False,143.05414827953024,0.01860149338397289,1.7972184938913442
1,5,8,-0.3030187299450796,0.930822644482436,7,0.9309459011329462,False,0.09527392680723491,1.1541554331331565,-1.1131089866194117
1,5,9,61.98353334571271,3.207648663736982,6,0.8886909907021777,False,68.11337431910286,0.07033467466026588,-1.823504744299403
1,5,10,11.617624001598893,2.3619252394789663,3,0.8476589816596767,False,12.39598468972626,0.17509283667554734,-0.46423528480680754
1,5,11,49.568955665292656,4.447543087720436,3,0.8083189115271981,False,50.69518655133557,0.045331929361025654,1.0305485061436608
1,5,12,19.152110416986933,3.424260204719592,2,0.7709466518714574,False,16.50280918296704,0.08335000228015589,2.7347109438011916
1,6,0,28.205492974540228,4.241089514380684,2,0.98082833729511,False,28.149556486489995,0.05347322959803781,-1.5707963267948961
1,6,1,126.95694941098394,5.867769344745047,4,0.977725585818732,False,116.96283131405788,0.02107288261831039,-2.7102220647675113
1,6,2,93.63047111067236,4.987798936543123,4,0.9685910770617135,False,91.94713723519752,0.030693551746643052,-2.999592731818999
1,6,3,61.64802198386252,4.109188183457543,4,0.9539197838653312,False,63.17165158681283,0.0489727952880611,-0.9705780924894845
1,6,4,67.25094801632308,4.311287914987103,4,0.9344565942717896,False,60.37776381649756,0.04520419515420696,0.5417451098497499
1,6,5,101.43480839687771,5.4504320342058605,4,0.9110990400107604,False,104.19154338824168,0.02544145395852906,0.07248504839077614
1,6,6,11.568215099007013,2.2540323043571746,4,0.8847968218461582,False,12.818978817264307,0.1916042417275025,0.5533975506226246
1,6,7,46.40663567668405,2.8252238464351653,7,0.8564666357488502,False,48.12374614221714,0.09983120412680924,2.4250764377257403
1,6,8,43.67462921238711,3.348385155830328,5,0.8269322762699127,False,45.0149281885859,0.07692682111932786,-2.8455877439715227
1,6,9,2.793779055360665,1.5715088340578638,4,0.7968915193558832,False,0.6259717966471487,0.40464912625941707,-0.36780227007641664
1,6,10,-0.5086354745202322,1.4588774555679809,2,0.7669055605018633,False,1.1242510867736524,0.46974181329695996,1.494627211239447
1,7,0,144.76520895843748,9.950479865779158,2,0.8439208593838641,False,137.58963027439776,0.008572843887448695,1.5707963267948954
1,7,1,46.91004137524299,4.241531718574068,4,0.8419420310153367,False,45.245489568886995,0.05030560354804165,2.807250195233538
1,7,2,12.379145503298538,2.4581187068235217,4,0.8360880343772243,False,13.96177661134638,0.16116613338719282,-1.914752368304104
1,7,3,30.133900260123987,3.2633272094941765,4,0.8265969851757771,False,22.89381465688355,0.0890812001640453,0.761049003241836
1,7,4,55.63620448045027,4.455268796002166,4,0.8138365935025682,False,48.27980666367209,0.04511459166889759,-1.5390067833167271
1,7,5,45.95114430888276,4.108298252466221,4,0.7982668041550681,False,43.24336161281048,0.05367083421478783,0.6526083915731914
1,7,7,12.172870886710731,3.163592788374739,2,0.7607518309000243,False,12.55015771618491,0.09854888602646751,-1.9431902587279584
2,0,0,4414.833152929186,179.32680731702612,1,2.8985151633201074,False,4236.536458979323,2.0505288708339687e-05,3.141592653589793
2,0,1,736.5043043582133,12.8500321414937,6,2.8212611176254714,False,768.8785105615127,0.0014655257102329752,-1.5707963267948972
2,0,2,264.4535269340542,5.999708421524631,5,2.621977777466321,False,227.1737200329032,0.011407213755117773,3.5743492647819603e-16
2,0,3,74.40696476247932,2.565536488284362,5,2.366912659219231,False,92.95671112370201,0.07485870061667435,1.5707963267948963
2,0,4,232.90569447275865,4.03608600597008,9,2.1093380597545828,False,250.08921048987483,0.014279313714102071,-1.0114060650712347e-15
2,0,5,737.7609425905811,11.849644881860732,8,1.875723436879308,False,726.6154601827394,0.0016117096969462303,1.5707963267948968
2,0,6,115.47312086180143,5.071219317100518,8,1.6738615466192992,False,119.16403428544969,0.026154200697029964,-3.1415926535897927
2,0,7,7.641875662305727,0.9777007686662414,8,1.5027583848881936,False,6.657287951995766,1.0001853743645717,-1.5707963267949052
2,0,8,118.21517650106526,3.316714435670686,8,1.3583989803669052,False,124.91619239897781,0.04073907980720789,2.095377500868678e-15
2,0,9,26.12060311318989,1.6332751188656678,8,1.2362963613478466,False,27.505234038404577,0.3006786848385191,-1.5707963267948983
2,0,10,48.86594574002788,2.7237357544709195,8,1.1324102167593937,False,43.53238052200418,0.10791614186430713,3.1415926535897882
2,0,11,86.2070361614447,3.3052625474305866,7,1.0433763758793448,False,93.22643081430594,0.054468838512518235,1.5707963267948928
2,0,12,24.89939699859953,2.1403341551364337,5,0.9664820163695422,False,22.267390821520586,0.1975058620946727,3.1415926535897913
2,0,13,13.56009062682874,2.4940443885097148,4,0.8995655446095677,False,17.10120970322035,0.155077659535135,-1.5707963267948961
2,0,14,17.274199574576112,2.056543809779358,5,0.8409082923957136,False,15.531244613265818,0.22406364486672345,-1.037912600509118e-15
2,0,15,146.27037389676744,8.37803161042653,3,0.7891398236511228,False,156.7296088971257,0.01094970648123139,-1.5707963267948974
2,1,0,4618.257457330175,76.2870137815868,6,2.6075318823323124,False,4597.603887943118,4.01592225727549e-05,3.141592653589793
2,1,1,78.72242015135046,1.336374345982556,14,2.5508583476303026,False,73.58622289257434,0.1451645079445738,-1.2818200067986836
2,1,2,827.0255502192992,10.27710838319521,12,2.400718664967592,False,805.9974135762577,0.0014275496257253018,-2.0062383651721656
2,1,3,241.2405784860461,3.4365228279921047,13,2.200345902163694,False,248.28561579179532,0.015095164381108138,0.04246613966981084
2,1,4,1408.502309589432,20.98707448270076,14,1.9888860568784352,False,1394.7807192783798,0.0004539619222384774,0.5988411593402229
2,1,5,21.129282074500107,1.1310685451373297,14,1.7895050377080617,False,25.478455703824178,0.5558801387840255,-2.9685306874973936
2,1,6,267.0784286720523,6.027869505941002,15,1.6117306146065142,False,261.68548940290145,0.010119797653487368,-0.4941857459520842
2,1,7,185.1987328219275,3.0586100346710903,17,1.4573140420198207,False,186.13565990581483,0.02473258545891911,2.4519569831299384
2,1,8,9.289116219054122,0.6802723607073711,16,1.3245551819639991,False,9.928864852827024,1.8257368570901975,-1.3593607072176752
2,1,9,70.83075461880566,2.147162370246993,15,1.210619666929896,False,69.6787660976469,0.11076396377935846,0.0031567358140764386
2,1,10,57.52607349719211,2.1059937484923474,12,1.1125788576823592,False,57.92595007273115,0.134387056627056,1.7915498888860448
2,1,11,102.77478556124436,2.883454706264539,10,1.0278030410882912,False,106.4744772877618,0.054697199460047724,-1.245517129551824
2,1,12,104.23639670521884,3.554376257984351,8,0.9540650327522432,False,97.31273512131699,0.046370521932160805,-2.5274219103114457
2,1,13,109.25743024405664,4.271251381127015,7,0.8895275027068115,False,115.03079273906305,0.033605145196683436,3.1204906488563213
2,1,14,48.93132326597311,3.8853681058001808,7,0.8326913293712944,False,45.91280418747001,0.058557138810574526,2.916834251104302
2,1,15,20.944105616622075,3.631521836328442,2,0.7823370616209744,False,22.338015673646304,0.07342926483919487,0.9446939794007685
2,2,0,2.313010301215824,0.7001984229855155,6,2.079641292625468,False,3.3473196816849624,2.0064539627967752,-1.4731310987303023e-14
2,2,1,412.7199032171645,6.130493014312275,10,2.0505469199387343,False,385.2592354971833,0.005630998611523016,0.9800456876225306
2,2,2,1444.2367028528463,30.15244036554259,10,1.9700835249700857,False,1413.3245466652538,0.00036586942577601243,-1.117693301737496
2,2,3,144.9158241997576,3.1859759873658318,8,1.854748909440259,False,131.67837542099917,0.037286859863722856,-2.20436043822033
2,2,4,117.65997040244856,2.74126345944836,9,1.722743055233172,False,108.88185162554903,0.053289479747579555,2.6189645014818694
2,2,5,6.3503556020586345,1.0829460673248692,12,1.5882703896344486,False,9.673166098899424,0.8072303069753415,-1.859366994614421
2,2,6,352.0488216940012,5.471286310380376,12,1.46004430333636,False,340.2002611784617,0.007324406336545817,2.42502426536193
2,2,7,144.5689037200908,2.913946792633641,13,1.3423057986108806,False,142.26761229538465,0.037168963729892555,-0.6747613970654979
2,2,8,168.37950877909202,5.646405332776229,13,1.2364316683709298,False,169.30750455923138,0.017365259785789275,-0.6209571949909143
2,2,9,131.83932475245726,4.135569733181965,13,1.1422362502602803,False,135.99523841853497,0.029930392760032856,-2.4501386680426096
2,2,10,3.9992775945244254,0.9305274272139672,9,1.0588044738885718,False,3.715703531840022,1.137724648919602,-2.1568353020709377
2,2,11,69.35329150032017,3.7485606937241154,5,0.9849597365624796,False,63.02163691343891,0.05596070560179653,1.5790880946001973
2,2,12,64.82433612871233,3.797012062539779,5,0.9195020725621964,False,63.10574342978799,0.055350248258296215,1.6027853136164112
2,2,13,70.1570297169187,4.086945228884543,5,0.8613166782652808,False,62.71626132728655,0.0487123806966458,0.7570434598657624
2,2,14,23.05065272976287,2.557229865600642,5,0.8094143006539571,False,24.276495048173203,0.14180109912015174,-0.21352939426916784
2,2,15,20.85867499192179,5.179208184721524,1,0.7629380608766088,False,24.726202316233405,0.03660515043470819,-2.123349371213695
2,3,0,-0.0792827915418912,0.793981597742896,4,1.6407616555610136,False,0.038031837250657896,1.5862759065468817,1.205451534273506e-13
2,3,1,240.03402448507828,12.71302564953025,8,1.6263596991512168,False,223.75380935064163,0.004787152259906648,-3.088583042403405
2,3,2,313.41906460236726,15.891747217132568,8,1.5853277756429698,False,316.3803503510181,0.002923349535435634,0.28968264216495276
2,3,3,301.0560515460154,5.505745469263413,9,1.5233421482354133,False,299.4559185929787,0.008984118659068849,2.076478535264105
2,3,4,90.96074893049716,2.258767043132456,11,1.4476289481280349,False,92.157046791598,0.0788664133712186,1.2109766224893168
2,3,5,358.3775898695785,7.360997899620724,7,1.365062681279441,False,347.2383874584078,0.006059338405939028,-1.1694014451542885
2,3,6,718.2554270267738,10.050595572818995,12,1.2810606606149697,False,717.1683320925245,0.0017718570342016508,-2.741452631147914
2,3,7,10.761862049949103,1.02806903370731,11,1.1993099403414524,False,11.557134628824583,0.8534703959047456,-2.4335035177011153
2,3,8,94.85203150292112,2.5868079714359307,12,1.121994532226097,False,92.87327916791608,0.06865711242040134,3.0853870221756265
2,3,9,59.17294089690967,2.9107038872253583,6,1.0501929750913677,False,59.41732920459212,0.08590421379883015,1.6126924285588855
2,3,10,247.7591232668321,6.268042408072005,8,0.9842567314239102,False,252.59242986197702,0.010418759928646097,0.41031701753935884
2,3,11,37.77344401956774,2.365580591931645,7,0.9241009096952152,False,37.14239794362082,0.1459496131437025,-0.3093965616209671
2,3,12,84.908550773311,4.241982310022188,7,0.8694031843144023,False,86.61073683157552,0.04055558304884858,-0.6509541786588829
2,3,13,10.079257154031144,3.095860586205675,6,0.8197299183601766,False,12.084369486159465,0.10307530090635181,1.9129686461200548
2,3,14,10.396722815134549,3.803335271276216,1,0.774611445016187,False,9.344407648976258,0.06872873286511401,-3.137254899238659
2,4,0,20.3748339134676,2.119083389121195,4,1.3271059184503031,False,24.782510820823813,0.20081649920594177,3.141592653589792
2,4,1,283.97878539409805,5.874965335462628,8,1.3194503280581191,False,284.9743935868404,0.00930801017254802,0.04543001161573691
2,4,2,5.319502229760376,0.947064099075568,8,1.2972547897819988,False,5.4412620462457575,1.0832112065552257,-1.9384665064522197
2,4,3,104.10557449673422,3.122028924430548,8,1.2626278740164376,False,97.1820074382379,0.053603511732258795,-1.7866032090349149
2,4,4,221.81792406856923,4.846005344641339,9,1.2184999755087065,False,213.9039783887621,0.015224122110659398,1.590939689199605
2,4,5,167.62538640809117,5.904760251728158,11,1.1680230045731776,False,155.15435733403797,0.017328536117054594,2.787844734293657
2,4,6,27.153075341637035,1.4354329652700395,10,1.114089210426606,False,25.511143649917432,0.37430653680513576,0.6470414401664317
2,4,7,165.1433704237398,8.512374816802046,5,1.0590595129637004,False,187.62693557855943,0.00983638166394512,0.8706576900429969
2,4,8,151.67994764211994,5.980815820598552,4,1.004684644783764,False,160.53538838634657,0.01720593591452232,-1.1317157842206143
2,4,9,5.261393870307894,1.4479406751619155,5,0.952152029665302,False,7.311724956758657,0.46814891436837447,-1.4042116284210893
2,4,10,42.57991970087669,2.9812594821234297,5,0.9021905462871992,False,39.14855521144882,0.09662737463374363,-2.7759027689156515
2,4,11,18.323943046921475,2.250289876785656,5,0.8551865128937008,False,16.669659673715543,0.18759222291602912,-1.8334795426417794
2,4,12,26.98969494362725,2.805376380408408,6,0.8112867203143371,False,32.36551090367471,0.11479203624960131,2.44783619992236
2,4,13,-0.8698256020531805,1.6987403440449496,3,0.7704800076817074,False,0.6953030987411789,0.3465108959572885,-3.1413815136614676
2,5,0,321.03133275439905,13.8401865483297,2,1.1041665492927142,False,309.521868838067,0.0035723881974192196,3.141592653589793
2,5,1,170.12389016621697,4.531735425087046,8,1.099745535445002,False,169.75600750785676,0.021500963357723675,-1.7351926412893535
2,5,2,6.382750844097339,1.2387352570367802,7,1.086794465950368,False,6.993301220269385,0.6345355549011904,-1.7907496366631885
2,5,3,257.49664452142093,8.538336473331226,4,1.0661902606606075,False,251.7609744700851,0.007644203107937948,1.4198081863472551
2,5,4,82.48988506704198,4.391899359952082,4,1.0392186176135694,False,85.64603156354707,0.03886619176017718,-0.29413805951665617
2,5,5,46.35314961561305,3.4061498360052824,4,1.0073716948644909,False,48.794332955615914,0.07313262349524847,-0.05796918011270114
2,5,6,4.431298389806494,1.3628263845637314,6,0.9721553230522654,False,5.246732926747571,0.5320364498856203,0.6121353235545799
2,5,7,10.000996630425112,2.685021416938208,5,0.934944000192836,False,13.892272116709842,0.13601530269465065,-2.3750278391360986
2,5,8,19.45212445770762,3.3861266101897343,5,0.8968968387807011,False,15.95428446194972,0.08525406809532188,0.32957734281840284
2,5,9,20.71789695322393,2.362270428688799,5,0.8589278787507908,False,24.785485865974373,0.16462604341180193,2.66004764464286
2,5,10,0.62315628134534,1.150631493362804,5,0.8217147372984511,False,0.09044266058585329,0.7552770374109451,2.0524210417891093
2,5,11,5.244597279191299,2.2060787343755104,2,0.7857287380641089,False,5.370769870825398,0.20440120704124717,-1.5470151844890268
2,5,12,68.24724824244272,9.739787433201007,1,0.7512733478244713,False,71.92781109450736,0.010064187349010656,3.077792625794422
2,6,0,1.870005513158922,2.30993243926056,2,0.941243361167702,False,2.7903670164392755,0.1872189659297524,3.948662275952723e-15
2,6,1,112.85160643962182,5.5340474648524935,4,0.9385002929769573,False,107.26228495202501,0.024187777306433816,0.18656719046915674
2,6,2,163.89104457423244,6.905952488070759,4,0.930412782281362,False,161.44430716677473,0.01400803295150899,-1.57901756497529
2,6,3,5.687116675077704,1.7778716935274184,4,0.9173861092481946,False,4.5800552615008305,0.31418167209039943,-0.46635289644791866
2,6,4,4.035120048332627,1.7885265855398618,4,0.9000349651175901,False,2.578005857809675,0.31179115916623124,-0.2051304805503571
2,6,5,38.39871251060698,3.4269647023921967,4,0.8791084096861305,False,35.4456132482518,0.07728862109449265,-3.0903260485434263
2,6,6,8.53851298946388,2.0742609959985487,6,0.8554104903955139,False,10.911301866463653,0.22754484941398886,2.5304434250471233
2,6,7,11.311048778565986,2.151315780834639,5,0.8297306096053839,False,10.402184481579683,0.21135843029163387,-0.16653528073165433
2,6,8,25.657884908165304,2.813535074428937,5,0.802792016064511,False,25.730725459143333,0.1174988839556244,-2.888342163495712
2,6,9,4.863011171571735,3.8877532151182193,1,0.7752206824590968,False,5.0790349570141755,0.06606246623422624,-2.172362213431565
2,7,0,16.53288987086028,3.4605191527649484,2,0.8183080977839428,False,13.735517063616815,0.08217719056686563,-3.141592653589793
2,7,1,-0.7384232555831297,2.014332445571272,4,0.8165036481619452,False,2.098223382862023,0.2463481214918328,2.666925697195641
2,7,2,19.00423571823005,2.8758776408392053,4,0.8111610890934648,False,22.338944822785518,0.11525766001813678,0.0078615765678361
2,7,3,15.491770658001064,4.042845704217923,4,0.8024852293723383,False,16.144238033009433,0.06033948355246488,2.235084609015115
2,7,4,7.876046652468628,1.977195692711232,4,0.7907937539104268,False,8.610996999422062,0.25174372501218834,-0.03149525698747561
2,7,6,122.63950912705856,13.35745792164304,1,0.7600113892296002,False,123.65472552720789,0.00520540823647106,2.700542538214566
3,0,1,124.27812832302094,3.000292861811326,7,1.908936843350028,False,114.98043156887185,0.04640319876702422,-1.570796326794896
3,0,2,204.5660468603697,4.893754939152566,11,1.8435118004898208,False,209.99037529105573,0.015884418983300442,2.556905753617048e-16
3,0,3,281.5927839943402,10.174642222336944,7,1.7479851849775474,False,282.5102582637645,0.00570780848201691,-1.570796326794898
3,0,4,945.2132247654628,15.956616979537408,7,1.6361835570897532,False,915.9559019364092,0.0009747956105102031,-2.0915724966663506e-16
3,0,5,98.04968366454864,2.6328886196944192,9,1.519676154516219,False,91.29644263866345,0.06753041665143003,-1.5707963267949
3,0,6,345.3092694494327,11.413975624571764,9,1.4062253731697218,False,320.3074389040879,0.004395924879426997,3.1415926535897922
3,0,7,23.96361699239195,1.6539408565594087,7,1.3001282488126062,False,24.568951129303866,0.3058195440383306,1.570796326794895
3,0,8,56.234566044492006,2.264065744988896,8,1.2032330668163245,False,57.079632313856465,0.12454237701490338,3.1415926535897905
3,0,9,158.06397602646857,4.504961500354268,7,1.1159076977461997,False,150.74665877387187,0.02414646666953537,1.5707963267948961
3,0,10,44.21291441196563,2.1975668933417447,7,1.0377322736206285,False,41.32349851927827,0.155312149187851,-3.1976312836803048e-15
3,0,11,61.97359430207239,4.846678800388725,6,0.9679281133155816,False,69.30579357974902,0.036345459432589294,1.5707963267948972
3,0,12,114.38675320974858,5.08319900401273,5,0.9055993202446035,False,114.90697438651087,0.02653480122656301,3.1415926535897922
3,0,13,131.26920507481287,6.237872975266302,4,0.8498580062431629,False,122.71920345687123,0.01883172348739379,-1.5707963267948977
3,0,14,18.99961145628156,3.146375351910048,3,0.7998826461938155,False,14.727126784024817,0.0986733118742746,-2.242064199669104e-15
3,0,15,57.721223506607366,8.28249217639586,1,0.7549401445062626,False,60.96820823433648,0.01392226729732608,-1.5707963267948966
3,1,0,46.36670932977957,1.2114452215116494,9,1.8384697016436835,False,45.08188474967166,0.30015125694967093,1.5707963267949
3,1,1,394.7412019899599,6.288234217609963,14,1.818276712254363,False,384.8731470547154,0.005709555978568306,-1.8076504170399958
3,1,2,294.77641652153574,5.588499216386838,13,1.7614697118203664,False,279.1356644823052,0.009615345125325803,-1.0250377123364578
3,1,3,120.78329654721628,3.1883583217489875,14,1.6775795973631074,False,118.43426154082262,0.043559549364476084,-1.2126843819279327
3,1,4,125.25027618070705,2.31638647912955,14,1.5780120999980205,False,118.21280046292256,0.05421064734262286,2.2266563799580514
3,1,5,31.17137083472864,1.0607709327756387,15,1.4727273854930232,False,28.488479949945727,0.5256925464813801,1.7221978548308758
3,1,6,161.3410896401633,4.077600733368041,15,1.3687789469622489,False,160.15994998851625,0.02510880802322499,2.1956089335305307
3,1,7,4.44728704471257,0.7635358015114174,15,1.270363002570064,False,6.07142532673022,1.6379734396356436,-2.2045893294962644
3,1,8,295.8374978090748,6.074177266828794,17,1.1795231309287546,False,289.46004435391933,0.00881711771515344,-1.2129725116069627
3,1,9,29.484450102969348,1.428301847691098,12,1.0969164162952618,False,31.5562240031631,0.3451295868845937,0.4212864783437918
3,1,10,89.5271010225195,2.6268288325226914,12,1.0224066202681248,False,86.37634338208244,0.07257257642358289,0.929968728543879
3,1,11,20.520042744790377,1.4719722171479046,10,0.9554560263055824,False,16.729408403742017,0.40682261421646343,2.1048378566883357
3,1,12,29.8014362357179,2.032027672209379,8,0.8953602301664942,False,30.6371363521216,0.20166908781826662,2.005274547956476
3,1,13,39.32107638071568,2.6831869104421395,7,0.8413785346553934,False,34.79285594558678,0.11925248620045435,2.8991272021555687
3,1,14,104.13107099144068,5.176072347788912,5,0.7928007630125726,False,91.75756781787862,0.028517841898847093,-1.6598636728310718
3,2,0,167.65365043574832,6.587666902634818,7,1.6222063200867185,False,149.34972235200374,0.015350172239392227,-1.5707963267948968
3,2,1,169.35735480902812,2.416842739104009,15,1.6082833621089343,False,167.9286943564001,0.03188234105215473,-2.9506233438064644
3,2,2,503.9134717341326,7.98028509798733,15,1.568571503429652,False,487.70780708423393,0.0035394923554959382,3.0435782913079237
3,2,3,545.9355789768124,7.451452431129702,12,1.5084574848623593,False,528.8790839947603,0.0031978785780424927,0.6303746322610209
3,2,4,78.28067075378515,1.9770171464631752,11,1.434837080645533,False,72.34866748370311,0.11260604274433883,1.5821448860955425
3,2,5,313.9092696415933,4.794775053248294,13,1.3543213883420733,False,315.5524336676345,0.008905129663843842,1.8063683329291975
3,2,6,99.83407349905518,2.54564270962845,14,1.2721703230366648,False,100.35339517941503,0.06446298482490836,-2.6406949777578617
3,2,7,131.23056780175511,3.0214842886345035,12,1.192005932987187,False,132.22117391924408,0.04034694846048512,-2.0072605457710644
3,2,8,130.16195484381052,4.191089046048726,10,1.116007197997256,False,125.83786243827247,0.031108827685560385,-0.7071655400328939
3,2,9,315.9121640349534,6.95797412568307,8,1.0452782549292947,False,305.4583382159733,0.007445205839439175,-1.270850100205878
3,2,10,240.19672042941255,6.956188934576208,6,0.9802073651435532,False,229.5275547662569,0.01027918509684574,0.3616754178640255
3,2,11,19.25785311830096,2.034727299980631,6,0.9207471080274692,False,17.205678199837497,0.22582774300225184,1.3436611565619478
3,2,12,73.43167585712858,4.125773133326076,5,0.8666086191858774,False,69.5750836234884,0.0464229045639725,2.916180232165281
3,2,13,34.22616163625379,2.675036205468704,6,0.8173862552603636,False,34.38647917266203,0.12170339128961548,1.7384662170439713
3,2,14,31.9361935893088,2.9976184754534367,5,0.7726329552705615,False,30.491113760804293,0.10153211078077246,-2.6141654210361778
3,3,0,264.6308570706766,19.384616795906304,4,1.386427528416979,False,250.59012256146744,0.0023019725141836247,1.5707963267948963
3,3,1,278.86548432131195,9.290357908252776,12,1.3777056343453076,False,280.70028867082976,0.00637285603416706,-1.841089275516414
3,3,2,15.14033689390699,1.5789478101916696,13,1.3524955828451164,False,16.80647666276302,0.36619787113780516,-0.4978551883083467
3,3,3,215.67491921077533,5.85685391738927,14,1.313389016646724,False,221.41532759193302,0.012875732458374338,0.24781529253398213
3,3,4,16.31475962041983,1.1526346191479624,14,1.2639321781926507,False,16.106585061437563,0.6393602335813532,-1.3068762168425425
3,3,5,242.4438716095799,4.043143340758605,13,1.207856812127471,False,234.72038407827878,0.01491981143362102,1.6829229180250365
3,3,6,2.9890659773392243,0.6718607691617856,12,1.148495370155448,False,2.9760095390515726,2.176794204001445,2.7066792649897615
3,3,7,294.64600793735275,4.870402110763261,13,1.088482344286419,False,293.070513203885,0.009871748022978976,-2.6499527711318183
3,3,8,40.53107878461316,3.065011450121152,10,1.029699031862462,False,42.152167592969526,0.09130183603256499,-1.2846797527362792
3,3,9,33.50562191745421,2.101959605537185,7,0.9733628688909066,False,33.646849964042154,0.18401701159687844,-0.717022049976982
3,3,10,11.193749070756091,1.7221200727444474,6,0.9201727498668394,False,11.347377641060127,0.32461843573815813,1.9453654475323423
3,3,11,67.53938813107033,5.271821641935914,6,0.8704553732588062,False,74.80354322400858,0.030762265720871956,-0.021483241335539124
3,3,12,26.97964317350093,2.5110087921853483,6,0.8242877789139529,False,24.56935502551354,0.14525237460316112,2.3243719076652822
3,3,13,12.613623768850756,2.663628976811867,3,0.7815899545632906,False,10.457091828578195,0.1387476303925523,2.7942797856468147
3,4,0,14.917072372886096,1.5706490028070546,4,1.181323307304338,False,12.85854220773242,0.3799316721739918,1.5707963267948966
3,4,1,258.1897953275149,4.504642459246208,12,1.1759139225527708,False,260.4880168256725,0.012345422963068325,-1.9970903736000183
3,4,2,27.28757835473498,1.4447215306866932,10,1.1601210137703162,False,26.34848881728063,0.3667072151753729,-0.08721720622431949
3,4,3,493.65097152259887,8.163682680717978,10,1.1351569277525495,False,488.9693882703246,0.003531029266182618,-0.7640493252228673
3,4,4,121.91702078247891,2.93513243066587,11,1.1027680979720484,False,118.21210734566021,0.04660735237818513,-0.3654493777611149
3,4,5,99.29304241703656,2.541692083265442,12,1.0649310352261274,False,104.99169815099152,0.06240111831392319,2.5006760651692397
3,4,6,5.867017878996632,0.8642439391819646,11,1.023578328183616,False,5.801284248848858,1.2862792403688503,1.9392254321978726
3,4,7,54.61726449411809,3.300709557940644,5,0.9804097093961566,False,55.22631580416721,0.07342413909421483,2.493607681711164
3,4,8,85.55387130242393,5.650663956498398,3,0.9367990644523446,False,80.10138850298914,0.026336841302677036,2.5908526172053077
3,4,9,30.645356673422647,3.637353735556866,3,0.8937785055830348,False,18.922351708370208,0.07299573865108808,0.21057585987083757
3,4,10,9.504070289311798,2.095714322285968,5,0.8520704173945777,False,11.936142577684166,0.22205357776633186,-3.075345403313335
3,4,11,21.751935851129858,2.2940756660577475,6,0.8121414942069453,False,21.76094051693981,0.1757824627208943,1.7358851374929893
3,4,12,26.68452593980429,3.18857292599657,4,0.774261037482697,False,28.026069809366017,0.09215287955858849,-1.3410395624672051
3,5,0,20.978136460091115,3.066944335026048,5,1.0158669072174935,False,18.984165761444405,0.10252608951127598,-1.570796326794895
3,5,1,186.6755717633238,7.025351017113601,6,1.0124208003591566,False,195.88511404422923,0.012075040437745797,-2.0960758898308334
3,5,2,34.53862268552817,2.7392868565718125,4,1.0022891670010663,False,32.548622135992765,0.11769655374485659,-2.658847836458153
3,5,3,13.319125509939342,2.170053519342413,4,0.9860586713313446,False,10.11267978518934,0.2073976716079752,-0.15323574518825894
3,5,4,3.7705848895407663,1.2764219639386607,4,0.9646059030804878,False,0.8379648522041201,0.6126627101347434,1.1353768670592865
3,5,5,60.61444295875816,3.0010474210059934,6,0.938976263752623,False,59.41604734967007,0.0817902788725443,1.1284892749125532
3,5,6,42.561010026091694,3.4194247081708222,4,0.9102615748025074,False,39.25494396990843,0.07599780543395647,0.8271732018427861
3,5,7,57.14680366377588,4.0209057262052506,4,0.8794995781699921,False,49.73207372576732,0.05370458500024038,-1.2761262550938512
3,5,8,14.03291247525329,2.177279315876836,4,0.8476066256816276,False,12.083446686876604,0.20464677323855832,1.971076383453631
3,5,9,12.55531802111869,2.588129597364795,5,0.8153437997637243,False,7.286628362880413,0.14766662812280615,0.7291211254697637
3,5,10,35.97103271043835,3.927768824684812,3,0.7833098497928979,False,29.974191989803458,0.061171749473243,-2.611696941154511
3,6,0,4.952039035371748,3.080271923483372,2,0.8847372789668687,False,4.803874143271318,0.10516049723584393,1.5707963267948974
3,6,1,75.89376241931832,4.511766953687882,4,0.8824580142630915,False,67.977954986756,0.040251058787093764,2.445101140166321
3,6,2,20.06431206355189,2.5555552465039817,4,0.8757244820456351,False,17.400231244857114,0.1463726619140797,2.9204199229776457
3,6,3,159.5125267090054,6.887441642437415,4,0.8648365265213325,False,144.7433085034907,0.014793587360370914,0.767120038613604
3,6,4,35.42179495299387,3.276887190047515,4,0.8502537975002671,False,31.223403798554955,0.08550065163867265,-2.7928043898088264
3,6,5,9.745383574474856,1.8819074679776429,5,0.8325451425038717,False,7.742356331353269,0.27737469732084175,-2.9095835598433646
3,6,6,14.139297103148172,2.083320953231612,5,0.8123333170058039,False,13.756088554360197,0.22154722513818176,-0.5565739414047717
3,6,7,43.518514609493664,4.418706493736403,3,0.790244216068297,False,43.76417732211618,0.04707588747275227,-1.7639513505455684
3,6,8,14.870648313554478,3.292962163504709,2,0.7668667869368506,False,12.996935504693743,0.09082165485317445,0.5380842063598235
3,7,0,13.19772775555642,3.223449687559861,2,0.7803572131170509,False,7.1970317943389635,0.09554056347949283,1.5707963267948932
3,7,1,83.46185744279336,6.016492486712566,4,0.7787918876832296,False,84.9304060471957,0.02346568564001045,-0.7211977864029528
3,7,2,19.544235155984268,3.937693622137373,4,0.7741518316860261,False,18.980414102135665,0.06314680594292098,0.9816052061320962
3,7,3,5.683078106932792,2.1669880098681893,4,0.766599357660172,False,10.336990189659359,0.20985010776068325,-3.059385671721716
4,0,0,270.06770395222696,8.334122234605616,3,1.4492575816600537,False,254.73777529108784,0.00767894093761589,-3.141592653589792
4,0,1,42.07071428938465,1.9984218601997643,6,1.4393040506650638,False,41.239223285993,0.1803442633724174,-1.5707963267948992
4,0,2,124.7768994303122,3.579482603028497,6,1.4106305588127357,False,116.30124400066146,0.03908581926015845,-3.141592653589793
4,0,3,9.169028482714536,0.7469439180823044,9,1.3664279814282083,False,9.89326062213069,1.5581903233654182,1.570796326794899
4,0,4,284.9875786335247,4.554658549020939,11,1.3109888887331602,False,274.53827588233946,0.011072849546437669,-2.640262375724822e-16
4,0,5,1.9675506697681733,0.5318882226236545,11,1.2487237958452082,False,1.873010419658959,3.494430186809829,-1.5707963267948921
4,0,6,73.7229982009444,2.2020212545269904,9,1.1834563296096157,False,75.28828182591806,0.10121521660836486,-2.1601681259366367e-15
4,0,7,28.71294347317765,1.8971115992300347,5,1.1181051964043252,False,28.52629599837491,0.23070157667615618,1.5707963267948997
4,0,8,65.33526353256578,3.0238507371569927,5,1.0546690298772914,False,71.08821057628646,0.07435072657397838,3.141592653589792
4,0,9,10.926395311798874,1.935643526979821,5,0.9943726280798963,False,10.300635834181143,0.260002541790799,1.5707963267949026
4,0,10,94.40813407888614,6.003579542599733,5,0.9378617184396544,False,92.5018680264521,0.02280497593758668,-1.6161023467533281e-15
4,0,11,84.13096043474006,4.732466531664143,4,0.8853837051751844,False,80.44988550737094,0.03521095011197435,-1.5707963267948977
4,0,12,37.55517965828246,5.099839099642052,4,0.8369307733096497,False,35.80921308629424,0.03676437509686304,3.1415926535897913
4,0,13,5.043192519517358,2.1997961800119152,3,0.7923431668499755,False,9.334827798126591,0.20427617714462984,-1.5707963267948954
4,0,14,89.64112209206542,7.616109870797389,2,0.7513791924440967,False,100.43828706384578,0.015049999912243966,3.141592653589791
4,1,0,432.2554206637348,9.79533996067785,5,1.4083677281582911,False,415.4434778005159,0.003913869553581524,-1.144440411267428e-15
4,1,1,313.6512969351524,9.346101081266262,13,1.3992279206624307,False,318.639365644816,0.005625041511050306,1.122444863881642
4,1,2,34.102240634442325,1.0708613723792055,13,1.372840499188008,False,34.46349689804701,0.4528477861295624,-1.3219615969457372
4,1,3,26.948370451091684,1.1628863690981897,12,1.3319956430068949,False,27.06198003418598,0.4976197445939728,-1.8354542694682272
4,1,4,140.12115619615625,2.5292066595243115,14,1.280488897659129,False,137.65994557447453,0.042272502126005224,-2.746959744329979
4,1,5,99.65641793668792,2.2159154792518487,13,1.2222815021928204,False,100.70462507428135,0.07155961908958572,-1.9873675248434337
4,1,6,158.06293846315907,3.170434039019834,12,1.160874775926973,False,152.36700576273563,0.0317765844638532,1.7385688708061766
4,1,7,86.88071732183717,2.191287800247672,12,1.0990034097524397,False,90.9336430236955,0.08316451230136199,-0.9915303033028604
4,1,8,56.24539715233413,1.7428438601158152,14,1.0385923374590555,False,59.23771271092255,0.16419706814695492,-1.3099725825933566
4,1,9,1.357982444471825,0.7106903536451354,12,0.9808645154941756,False,2.1290735828927985,1.9675942127913253,3.1350337281645753
4,1,10,16.74991579621942,1.3511327194026344,10,0.9265027787641412,False,17.612854243542436,0.4771662210756341,-1.2369027509262134
4,1,11,51.137585961251474,2.428553702514139,9,0.8758079779953389,False,53.17103885299082,0.11936222995043859,2.043099429677304
4,1,12,126.30073906722792,4.943514069525699,8,0.8288287418842111,False,128.3139571172186,0.025574293029007857,1.3876550582248015
4,1,13,18.618515962249628,2.228570864893848,5,0.7854579472185591,False,20.930022065567904,0.18753651805380772,0.809721493688702
4,2,0,63.98920240992065,1.9594504047659496,7,1.3037659411661562,False,66.65711206342654,0.12932777065276518,-2.2447363143532533e-15
4,2,1,123.94094276112004,2.398226211618208,14,1.2965050217365126,False,120.09800186533224,0.05260108040005782,-2.969865363648762
4,2,2,156.74759640350322,4.120279277815719,12,1.2754291738151513,False,154.97592428075748,0.02580141761000613,1.3134811571334402
4,2,3,171.09760506426147,4.408581500539434,12,1.242477119971895,False,167.4097335414355,0.022206995896258155,1.8941267850957098
4,2,4,11.21278742561384,0.7489000134132449,14,1.200359332483796,False,11.989634657914154,1.4604941673659078,-0.8294254195281472
4,2,5,64.2480381945399,1.9889613796722807,11,1.1520158502115263,False,65.83949280744986,0.12829219202230732,-1.0840845757984243
4,2,6,129.65620777665535,3.383436980758442,10,1.1001729510818472,False,131.16810736532184,0.03729469072543546,-2.747924274794351
4,2,7,106.79818367942369,3.1347167475634343,9,1.0470836914568578,False,110.49998721350502,0.048610646367520535,-1.7683761338523063
4,2,8,109.41699550168836,3.346291269703402,9,0.9944430284392176,False,114.56889644219753,0.044131408914346686,2.936633405321054
4,2,9,44.0698025926456,2.6705773359141705,8,0.943420853702599,False,45.941869628540495,0.11135448407487818,1.0650076489898093
4,2,10,141.5726194434498,6.18320791701124,6,0.894752518854031,False,144.46344508101612,0.017616484452486706,0.060958959173427765
4,2,11,34.67941217376734,2.6786474395991915,6,0.8488435895980965,False,38.66187232970696,0.11862928898224874,1.6643282068834453
4,2,12,7.12674593009185,1.4503741725987906,7,0.8058653073032568,False,7.069462510295712,0.46537442540020374,-0.49488065695224703
4,2,13,0.01530302416665,1.5132358029843276,4,0.7658316479359871,False,1.8498437341592395,0.4364405714123448,-0.8752609027590725
4,3,0,15.21261304188636,1.18211970708411,5,1.1715827151650169,False,15.194534867229205,0.6229140496140512,-3.141592653589793
4,3,1,133.4471544821184,3.022157634474574,9,1.1663054448499377,False,137.67126579318005,0.03869311377818333,-0.36779051291304105
4,3,2,27.912307543307502,1.0860974469503806,13,1.1508914849596643,False,27.618120088896447,0.5344798013732233,-2.9944849370184174
4,3,3,87.98557380163854,2.000824053009017,13,1.1265061034741437,False,89.55843294439372,0.0897854441431489,-1.2329174507236746
4,3,4,25.00885228683844,1.7599467393277244,12,1.0948317442083868,False,25.89706998548456,0.27120215014530136,0.695010905671251
4,3,5,289.46154911155395,7.429950072913805,12,1.0577786900019512,False,300.0989086772778,0.007443051511430824,2.3377141820559535
4,3,6,80.91825998158613,2.3219415749826595,11,1.017222387008036,False,84.4775886840437,0.08594678866063275,0.6905794648915714
4,3,7,60.71491358360064,2.5577041104215734,8,0.9748202101064708,False,60.210634859866374,0.10180308001833982,1.2591236222035096
4,3,8,56.54028881732545,3.1106210205347797,6,0.9319191519494188,False,56.27812181375266,0.07977449577021702,-1.790726738288384
4,3,9,68.98665947846052,3.5583915331584506,6,0.8895375226241775,False,67.10651329391247,0.0595552088682954,-0.2147943341540121
4,3,10,14.439637790547817,2.202358732426261,6,0.8483934930231314,False,15.934386214149852,0.19743995632370287,-2.4728282625176283
4,3,11,27.016282411410224,2.4954231715660224,6,0.8089557540334944,False,28.308932330699093,0.14437098759344075,-2.176709500422629
4,3,12,16.998405771304434,3.703375813588383,2,0.7714991240751282,False,22.873619415957606,0.07087828447256807,1.8300502641237448
4,4,0,72.58279394455762,2.352471514683814,8,1.0398206463127342,False,78.81129639916874,0.09230558098670512,3.141592653589793
4,4,1,116.18392293034216,3.4739400448394333,11,1.0361258687260302,False,128.62300702288317,0.03844191528609513,-1.9957465303289175
4,4,2,56.49181005231743,1.6796641223220463,13,1.025273459969367,False,54.93127134065444,0.17893422831430655,-1.8603280305847867
4,4,3,97.5987273226811,2.3856723392582704,13,1.0079200259808718,False,104.28060098626266,0.06637972061421102,0.9712103782010241
4,4,4,40.90499407235569,1.868406847664858,11,0.9850417624850428,False,43.79241339170719,0.194480193479089,-0.5454771924196973
4,4,5,79.52488648712608,2.4318423207880757,11,0.95779450288647,False,78.7418493007846,0.08672150038482779,0.7503607719507328
4,4,6,59.34726729948402,2.5925577875248345,8,0.9273744547201296,False,55.41507218379206,0.10397824636958593,1.3683599526229928
4,4,7,30.841942441346937,3.0502603535057875,5,0.8949064134435659,False,39.73999358062224,0.09504644004069791,-2.578239168831107
4,4,8,4.61823329753314,1.4206108347998736,5,0.8613715276165861,False,3.5159102205765578,0.49219682807755305,-0.14898295181137888
4,4,9,4.534635040285075,1.3935089853871867,5,0.8275735894045901,False,2.5255026877907856,0.512543016378817,-3.0688093907755394
4,4,10,21.82451449776861,3.585545565941864,3,0.794135194817224,False,25.36033365868795,0.07472488873818403,-1.2345339110190277
4,5,0,0.3386654778475608,1.488813838937708,2,0.9216278063604368,False,0.4465380547230896,0.451117298617265,3.1415926535897922
4,5,1,59.016114693438674,3.0800596440125734,5,0.9190522220460012,False,65.14722945115419,0.07650746402831728,1.3886462138713087
4,5,2,29.1559649194618,2.2211546804926803,5,0.911453127216812,False,32.73217167967522,0.1715610185045405,-1.4132398010613771
4,5,3,28.22278194310778,1.9087646984578184,7,0.8991963601749136,False,33.359257002417365,0.22003340386255,-1.2584740071911253
4,5,4,18.28278740071801,1.7220482492558131,7,0.8828388841643182,False,16.132112122723345,0.3104674102304751,0.013642229071266446
4,5,5,8.341765547005018,1.7586732469560404,4,0.8630631221950811,False,4.620091828585874,0.3201183991033089,-1.5714653400259393
4,5,6,20.842026369016796,3.015769350488064,5,0.8406066970907723,False,21.816450953051717,0.10514622042709777,-2.91272606087286
4,5,7,15.221919886513058,2.192070675248745,5,0.8161997888677689,False,16.87177894247988,0.19821854368597702,-1.618656857230121
4,5,8,61.44876094867416,7.301257300585195,4,0.7905176943115148,False,59.83532994367165,0.017671344793817916,-3.09107666608678
4,5,9,4.301608250346403,2.156540591221142,2,0.7641510288454196,False,3.6665178337255053,0.2143988613783307,2.572902238939167
4,6,0,1.9224843860780052,1.6629384796860354,2,0.8203808277805068,False,0.0007134181431892291,0.36156760127098064,4.537975102343971e-14
4,6,1,71.43030116286472,4.53771112037126,4,0.8185626621609055,False,75.2477377594839,0.03919118453520678,2.2492545890252877
4,6,2,13.85041093275642,2.137334434316899,4,0.8131798495756084,False,11.038807509822355,0.21288913287033617,-0.04680385705796941
4,6,3,37.0978837117697,2.910559949443289,5,0.8044397492245992,False,41.19240646206965,0.10102056620542038,-2.2197523785645132
4,6,4,1.1297183722034698,1.0949078487523114,5,0.7926638878214849,False,2.786708142914202,0.8310366463018455,2.506045337210881
4,6,5,26.348717441033887,2.5497858194887986,5,0.7782568453385508,False,27.796715639382988,0.13941434143134054,-1.7446362982679822
4,6,6,43.48841623683112,4.150104074962679,3,0.7616710741177065,False,41.23867541089434,0.05316292109636118,2.4858448445070205
5,0,1,296.4703837019288,6.236885247446353,7,1.1542909224429805,False,306.0341962106394,0.008234301675583788,-1.5707963267948954
5,0,2,156.14781786214897,4.464639328253959,6,1.1393423786790622,False,160.85830160517204,0.023381720883933883,-2.461028133821076e-16
5,0,3,59.36571989088161,2.5544335357507992,6,1.1156688515241593,False,57.84093603403589,0.10428303888140499,-1.5707963267948986
5,0,4,431.95314900730665,17.48416815993362,8,1.084875232929679,False,460.634776624632,0.002045755176431229,3.1415926535897927
5,0,5,212.96581541851805,5.513423892423074,7,1.048791110986528,False,215.87553777525713,0.013895853919518723,1.5707963267948943
5,0,6,1.9860460865872256,0.7867874110858261,5,1.009221808760969,False,0.7855641788239527,1.6121238686006325,9.567725314813153e-15
5,0,7,8.575296187728446,1.672410514549613,3,0.9677722308036536,False,9.617597780128522,0.34791066266241466,-1.5707963267948941
5,0,8,148.33945579146004,8.341219785574436,3,0.9257556086649582,False,152.59364939667904,0.011093288976603487,-1.539173644180405e-15
5,0,9,82.77716555973643,5.109622705742694,3,0.8841725082514973,False,81.0528754816337,0.031147784286843515,-1.5707963267949003
5,0,10,7.371229199374633,2.0203899049730807,3,0.8437352239018332,False,7.510517295352675,0.24200675365741892,3.141592653589793
5,0,11,18.613408022809967,2.987462750685881,3,0.8049143593953522,False,24.537573881247443,0.10657447484962153,1.570796326794898
5,1,0,352.7166688920637,8.7237610743972,5,1.1381491100403704,False,353.88753691073464,0.0053031173483377905,-1.5707963267948983
5,1,1,142.07363227040946,3.509458523881705,9,1.133309026706235,False,138.94342319241548,0.033385596435312685,2.5375526122296637
5,1,2,574.9023776076683,8.77560950820696,11,1.1191510620881504,False,541.8475862424543,0.002840054096122413,2.652994889281313
5,1,3,211.89835014588547,10.578938906613912,12,1.0966895558033267,False,222.30533012377305,0.006451010056707968,0.34799295780160455
5,1,4,107.9536226819652,3.925095012429016,10,1.0674003632053632,False,115.29988279953847,0.03721862430954075,2.5570803139125022
5,1,5,9.905758040151092,1.1261537501441246,9,1.032977722129807,False,10.348069844691638,0.7342852594360035,1.3724685950596023
5,1,6,247.4130598178764,5.156655775070331,9,0.995108069319558,False,247.59963451328917,0.012234147676978533,-1.028583546174909
5,1,7,83.51253962919878,3.8048377467682113,7,0.955306091354809,False,86.62895073430754,0.047461079905862825,3.0934928752588617
5,1,8,60.98758841454468,3.0528658048949944,6,0.9148258131498818,False,59.28146582015432,0.07972049348229429,0.8384929390070411
5,1,9,88.7923329461489,5.316976830124831,5,0.8746356043701367,False,83.98557719107508,0.028683723783008475,-1.23660070352907
5,1,10,6.952380789961878,1.5921196801676991,5,0.8354359281942317,False,6.74490298247246,0.3881032938733413,1.0260365288722562
5,1,11,44.5969654328251,4.514675734608673,3,0.797699192346612,False,35.98702816983875,0.04599567759553179,-0.37442778321743114
5,2,0,175.5122827253824,7.540870925719655,4,1.080771417277309,False,167.8791620502123,0.012047543769683155,1.570796326794895
5,2,1,35.44196323460573,1.537315214286524,9,1.0766244663185969,False,41.305315387226294,0.2661703331774614,-0.993459573607657
5,2,2,184.8118585360147,7.018824214098471,9,1.0644642914028997,False,202.4486082085149,0.011899146622626972,0.10459753116349273
5,2,3,30.841000628679737,1.7496092862615924,6,1.0450819431342255,False,26.07700305831735,0.2666701809199497,-3.0359897799708713
5,2,4,170.40089954064294,4.4262443090564,8,1.019643209006568,False,165.9820464869662,0.0223071349686533,-2.113521637065235
5,2,5,58.66186218511874,2.561596276547309,6,0.989511097110973,False,63.655015720954005,0.09979698960012569,0.8702129331312719
5,2,6,12.93862612817087,1.7460905404770088,7,0.9560739417958752,False,13.838819409004687,0.3111581409339977,0.12292832410977268
5,2,7,12.578463434357293,2.082992433060109,4,0.9206129245162896,False,14.495236860228507,0.22164820336154098,-2.8873636191894807
5,2,8,57.57597922350557,6.06456930145487,4,0.8842219995396645,False,57.898860962470906,0.025135192335184953,1.3827033624643803
5,2,9,24.95740294645244,2.3624768743112297,5,0.8477760715692076,False,22.544885133213896,0.16469153648549692,-2.7277726384570538
5,2,10,125.54440618515532,5.497858587008316,5,0.811934418719199,False,123.02199163803817,0.022709590017960437,-2.642292519514514
5,2,11,46.70587836916485,7.997185505103073,1,0.777164870911448,False,40.418432846298835,0.015248159241017361,-0.04617068461163391
5,3,0,68.32180713863625,3.444982676801461,5,1.0018280132422923,False,70.1397307802502,0.06165469279158749,-1.5707963267948946
5,3,1,39.353687632949736,1.76754790361687,7,0.9985223515211726,False,36.21119042531227,0.228644016720516,1.3330597176722485
5,3,2,34.27261747803751,1.8490268193305763,6,0.9887983084738504,False,35.44957149629012,0.2209936403549975,0.5948093745967158
5,3,3,65.10860860637763,2.802819097312152,6,0.9732043462761464,False,69.83424947490927,0.08299337459442699,-1.5693472995453326
5,3,4,63.11715877249237,2.4330720736529026,7,0.9525623439844898,False,65.7688149127784,0.10299846713426826,0.14222163434320753
5,3,5,62.28366544412224,2.7505424611345988,6,0.927856542550044,False,61.556552538591774,0.09088695777084782,-1.974262083680748
5,3,6,40.38026901876808,2.2673922601448586,7,0.9001203180300278,False,42.11754991182256,0.1493881441947086,-0.5703147355713992
5,3,7,109.12741450948737,6.720850937199396,5,0.8703419955489256,False,104.2642555698786,0.018096155139602645,1.4563165275750827
5,3,8,171.8976667820076,6.937006079291442,5,0.8394004910999501,False,164.7907625168575,0.013648124352012375,2.5502578922825694
5,3,9,-1.4463288748161047,1.676666609210412,4,0.8080316057376405,False,1.2718090864428717,0.3556367446231643,0.5673420659349601
5,4,0,29.530084027862458,3.178756733960274,2,0.9156649151633744,False,30.32975538687417,0.09159253924089049,-1.570796326794896
5,4,1,21.082528463681356,2.0923774286191104,4,0.9131388634016516,False,18.792136389369077,0.21176469939249243,0.5903531042147944
5,4,2,3.4847121521000024,1.2476736827434658,4,0.9056843262460452,False,2.6786927985279907,0.6391786663405304,-2.2183334611795207
5,4,3,144.3884373831184,13.160160866092175,3,0.893655769217277,False,146.9363890225216,0.0051975835687396174,2.8889052474704933
5,4,4,34.63779261188206,2.925832701346798,4,0.8775934520544881,False,35.873972023255895,0.10317476606570467,3.012935997890958
5,4,5,76.4950961579772,6.411927913681981,4,0.8581604172900834,False,70.37936061263429,0.021818467159693263,-0.37550537056705674
5,4,6,12.369821762898331,2.140323448886346,4,0.8360748382938897,False,13.959596142876356,0.2108235609719111,0.9283545067021999
5,4,7,29.0098603364367,3.6041842227712015,3,0.8120494080736953,False,33.94402996411343,0.07179231849043766,-0.589818148488174
5,4,8,28.131462727677786,4.402201840296023,2,0.7867451166248174,False,36.964603717238624,0.048969137631001386,0.8366958927322978
5,5,0,0.5674084854553223,2.1563732050698325,1,0.8318565170501873,False,1.0941041885972818,0.21502117522886194,1.5707963267949052
5,5,1,144.6607732517426,8.309618643727267,2,0.8299611576965096,False,154.71145889389928,0.011152138683666537,1.5393453682749088
5,5,2,23.88891355066601,4.134808644705363,3,0.824351880299858,False,22.297817426180732,0.056929282675645336,2.7154406559029263
5,5,3,11.262914303224733,2.108895066269404,4,0.8152506201572716,False,13.124689389364177,0.2179525249883039,1.9106105569382732
5,5,4,43.174228407637486,5.115774748602695,2,0.8030008243682278,False,49.3625069259161,0.03548023357955117,3.132264984735413
5,5,5,46.466329260553934,5.324264376589905,2,0.7880334099880344,False,48.1243623632354,0.032911472241643716,-1.6208710424823976
5,5,6,19.4508661297664,4.7323829589360455,1,0.7708285008718795,False,20.343381290144013,0.043942325294015004,-1.1714105841782323
5,5,7,20.644576621041622,5.308963508358146,1,0.7518788704154663,False,19.145671476235503,0.03504782953957854,1.2052095522344068
6,0,0,-0.1412486816127134,1.6406455729346892,2,0.9661717211067022,False,0.554301404442074,0.3714929951536381,-4.489627716408773e-16
6,0,1,109.20391017197302,4.872491528632247,4,0.9632055786034398,False,89.77241404037167,0.031173277564364953,1.570796326794898
6,0,2,19.67999518982619,1.8787729944626768,5,0.954468421675014,False,18.79023157820458,0.2592242364759945,2.9821039990145378e-15
6,0,3,2.1714201793408487,0.9428565518074856,5,0.940420372541824,False,2.4362866625991217,1.1186428073989196,1.5707963267949003
6,0,4,23.475182910540408,2.170743112309655,4,0.9217559002449098,False,20.09690060443624,0.19540794454178673,3.141592653589791
6,0,5,79.42634198978296,6.130205252521191,2,0.899315325653146,False,79.6601340800381,0.02310568188693615,-1.5707963267948986
6,0,6,11.62323027422421,2.8697429838683552,2,0.8739925924887737,False,13.528979121030913,0.11925989445648341,-3.141592653589791
6,0,7,123.80543501680606,10.592368753069229,2,0.8466560703029361,False,133.9741141301591,0.007840338758997924,-1.570796326794898
6,0,8,24.843601629274485,8.214200209244524,2,0.8180917785448767,False,31.801808399655595,0.014650860778926886,-1.0538408172561608e-15
6,0,9,11.433901611997928,3.9895622227071112,1,0.7889708864064106,False,11.78733825958728,0.062347379656563263,1.5707963267948917
6,0,10,9.48388274164663,4.083768242616012,1,0.7598380772581096,False,10.864415104047664,0.0596139924794566,3.1415926535897896
6,1,0,0.1844716681349059,1.0713481530710711,4,0.9537665404820468,False,1.113078728952261,0.8708009771782315,-3.1415926535897745
6,1,1,0.1461023222480265,0.7324310862043916,8,0.950912853907094,False,0.373028247301731,1.863811698954904,-2.0759433718485476
6,1,2,8.315254829599,1.0720044961673936,8,0.9425030713359756,False,8.68520038963435,0.8229309221404224,-0.738191244748909
6,1,3,11.696064718187376,1.7440758327502677,7,0.9289693434171094,False,15.128260610841476,0.3107712978790334,1.6434866214299781
6,1,4,18.94135681464243,1.8777479356731075,6,0.9109655182302032,False,21.153420105667255,0.25633981103556863,1.2492460477260328
6,1,5,9.739492565488511,2.036007024939797,4,0.889285564792417,False,11.456116370015135,0.23518682175736483,-2.3386527535914796
6,1,6,24.94571332536021,2.839661372411736,4,0.8647779186541441,False,25.247818747001077,0.11583708613768794,-2.27584506756301
6,1,7,6.500619872175054,2.249981396456097,4,0.8382711394753732,False,7.229946304494403,0.1958345998533253,-1.356210176573102
6,1,8,6.193908818969676,2.20672559152811,4,0.810519766175261,False,9.549762090643746,0.20269116811071577,2.7568065775356523
6,1,9,11.04112408280567,3.933069750565512,1,0.7821724548737521,False,10.595302457722875,0.06421399966594976,0.17586811377079006
6,1,10,-0.9427820728533788,2.807894189956667,1,0.7537595983813472,False,1.6445721184055684,0.12681742687039207,1.6876204578616927
6,2,0,88.59087877631198,5.215018994030952,3,0.9192348508218418,False,85.973034631504,0.02942530232447754,-3.1415926535897905
6,2,1,85.83632409686619,4.097278498804835,5,0.9166792210409688,False,93.00066398589325,0.04136114829072376,-1.1140914066112084
6,2,2,2.9972926833676,1.257601739042933,6,0.9091383561271816,False,4.523703911134558,0.6265390628740385,-0.576073139617624
6,2,3,-0.219933824032333,1.1832114686035438,5,0.8969734965735562,False,1.2206465291996018,0.7139871774575959,-1.896301668622832
6,2,4,22.524969553304544,2.1780340896921384,5,0.8807348559101831,False,22.4749300843933,0.19234026558245496,0.4196881440855074
6,2,5,87.80244643752548,4.87428889854194,4,0.8610970311916092,False,89.17335308387216,0.03242305601667626,1.840519906810327
6,2,6,0.3737326088520419,1.7936101743536388,3,0.8387897986815537,False,0.7333201167697314,0.3108122748740947,2.516256064380999
6,2,7,69.33566579707716,5.512105506178075,3,0.8145362916832832,False,59.81214410080126,0.02945170430447606,1.305575521015705
6,2,8,-3.742624454043464,2.0890806775447044,1,0.7890060499990103,False,0.10381646190280092,0.22913379421517358,-1.3096043037762084
6,2,9,0.4406120307864142,2.8911964458018424,1,0.7627853955273437,False,2.368556813804223,0.11959293650318219,-3.0714381763086407
6,3,0,4.047860582834857,3.569659633321129,1,0.8691772941107708,False,0.00727053565430597,0.07846755866785787,-2.164501067845406e-13
6,3,1,1.7234034446007656,1.897414867252738,3,0.8670158930088534,False,3.20129378383769,0.2772551261681816,-1.8995392985498805
6,3,2,45.16788741536054,3.6106152084158816,4,0.8606271707079712,False,46.78626773696574,0.06683855018054823,-1.6858502396232602
6,3,3,3.0578524012928394,1.6492291607417204,4,0.8502861158767676,False,4.99906679755644,0.3653631703332144,0.5749466922966248
6,3,4,10.42117660738833,2.536222492956704,4,0.8364154716948253,False,8.126695895942719,0.1537615266532302,2.38086218318946
6,3,5,20.24759553739326,3.279329211196555,3,0.8195405685546459,False,20.307034452937447,0.08989236557557037,-0.5050991741749759
6,3,6,16.19043623583829,2.999315333466884,3,0.8002395549891975,False,15.496949503177103,0.10847720338840768,0.8933065890127672
6,3,7,30.83906270176569,6.452033632470929,1,0.7790971476611194,False,30.35701662315032,0.023547730930708208,1.5393655005288902
6,3,8,10.998440177471965,4.179937162302606,1,0.7566674957531054,False,14.414825071044552,0.05671987886413215,-0.12282095113819276
6,4,0,-1.3578799664077612,2.6942969737270968,1,0.811103160043359,False,0.5084198426800803,0.13775357799782542,-3.141592653589761
6,4,1,75.49556918567473,8.871252131782246,2,0.8093458529505291,False,69.75155089415496,0.012001692466269335,1.8270552545499572
6,4,2,12.874363296848106,3.567345942862985,2,0.8041416810544672,False,17.45351567169529,0.07719467076238483,1.3306027999670726
6,4,3,34.49785287042673,4.847414168031047,2,0.7956867791886801,False,23.1067475491298,0.04140982520314097,-2.849869004324204
6,4,4,8.723267368563791,4.201082223018639,1,0.7842857517148263,False,7.156770412101461,0.056490279468820875,-1.246624043615695
6,4,5,120.06395859106148,12.681630731801045,1,0.7703227708932494,False,104.84483913328063,0.005824196213558081,-0.9909416151679609
7,0,1,70.88503145839256,4.172224859172756,4,0.8262770152070331,False,65.34592661299523,0.046574855607583295,1.5707963267948972
7,0,2,515.5323263506979,16.975202739278558,3,0.8207416083798487,False,500.5111028386738,0.0019299397342585562,-3.141592653589793
7,0,3,-0.7470434070292081,2.4812615051387468,1,0.8117581074738526,False,0.1821643010284002,0.16242541613191297,1.570796326794922
7,0,4,22.165888288984025,5.809372336385542,1,0.7996627525255879,False,14.427433287000964,0.029403882242757962,-1.3392362812117636e-15
7,0,5,34.0110893327041,6.631146997736347,1,0.7848778133518133,False,25.997129928415333,0.02236545412630724,-1.5707963267949006
7,1,0,253.6329903604153,10.48816581234519,3,0.8202952095087611,False,232.45020334141478,0.006186951762378908,1.5707963267948961
7,1,1,24.87132336424324,2.4569233794495613,5,0.8184776118229614,False,27.57066790509596,0.14977510706727074,0.6778484788860969
7,1,2,65.27352795018736,3.7399966526278754,5,0.8130964659138081,False,59.876166599803135,0.057434849103111994,-0.7128215744803117
7,1,3,81.65983748766513,7.802812049952841,3,0.8043590251393883,False,76.39820914298272,0.015064578209868,2.575624947033585
7,1,4,142.34110960048534,8.006318884698837,3,0.7925866568166634,False,120.0243711152646,0.012702712224787019,-0.8396718996075101
7,1,5,32.771114338761784,7.290119716267827,1,0.7781837490038885,False,26.81577999333939,0.018555495843612328,-0.7745077949506073
7,2,0,0.8041893902436092,2.031875108619402,2,0.7980149893264166,False,2.9830142457494744,0.24194913772580715,1.5707963267949066
7,2,1,36.60363663890063,3.3960698255282336,4,0.7963412120007618,False,41.22494114035943,0.07721604986862154,0.8339491502309113
7,2,2,9.74428060756095,2.2377289385350694,4,0.7913823726201734,False,10.254424891523872,0.1961185448640512,-1.2838810757054229
7,2,3,14.764649435876752,2.9256479787095637,3,0.7833195907378047,False,15.47360922559845,0.11404624469195787,-2.737048746086411
7,2,4,96.3636887850715,11.864018200284791,1,0.7724347726448582,False,110.43328791610155,0.006630489758275892,-0.022474727707725083
7,3,0,3.0763043293635257,2.2918386697257764,2,0.7646025316015357,False,4.926335265369513,0.18978066495479157,-1.5707963267948954
7,3,1,-1.5208169375507588,1.85643612357359,4,0.7631299353547686,False,0.5610094162352033,0.2901510285521972,-0.08239362029141482
7,3,2,119.16723642034805,8.743862022266807,2,0.7587626788350351,False,112.90001399151885,0.011317924436641673,-2.8852881339572787
7,3,3,34.98509925329959,6.463711751134767,1,0.751647626133281,False,27.36380587193368,0.023482772197372825,2.3683371303714704
