h,k,l,Fo2,sigmaFo2,kFc2,Fc_real,Fc_imag,weight,weighted_residual
0,0,2,270.9102787,6.858414335,297.1944831,-13.7032488,5.329070518e-15,0.008842437528,2.471615072
0,0,4,7440.055689,150.6335801,7928.672237,-70.77883398,1.776356839e-14,1.379130368e-05,1.814557907
0,0,6,132.6675324,4.171307369,131.0378714,9.099165956,-4.440892099e-15,0.03008386306,-0.2826598255
0,0,8,48.63106012,2.556279799,60.45645803,-6.180512953,2.664535259e-15,0.1154328075,4.017726711
0,0,10,6.914173339,1.620954812,3.175687817,-1.416517919,-1.33226763e-15,0.3744589466,-2.287693345
0,0,12,229.8200093,9.03635678,219.9842638,11.78959751,-7.993605777e-15,0.007740461889,-0.8653478508
0,0,14,81.7289553,6.861775364,63.81438985,6.349835606,-6.217248938e-15,0.01883394487,-2.458538001
0,0,16,25.34355136,5.184454488,19.95926357,-3.551202419,3.108624469e-15,0.03642106991,-1.027553907
0,1,1,400.71124,12.4474663,428.4097523,-3.552713679e-15,16.45253584,0.003339433751,1.600637029
0,1,2,7638.145313,217.4582017,8388.628715,-1.776356839e-14,-72.80289638,1.002052133e-05,2.375670748
0,1,3,111.2519044,6.775098859,142.6523575,-1.065814104e-14,-9.493856167,0.01753117195,4.157587411
0,1,4,2398.739897,43.69387148,2329.849433,6.217248938e-15,38.36781779,0.0001410892504,-0.8182878038
0,1,5,432.0660606,7.191976801,421.0132599,5.773159728e-15,-16.30989099,0.004550884517,-0.7456246331
0,1,6,73.80742734,2.962851615,73.28396603,1.776356839e-15,6.804679168,0.07309261678,-0.1415211475
0,1,7,23.21772315,3.445998444,26.66648672,-5.329070518e-15,4.104743956,0.08090574516,0.9809640774
0,1,8,494.5146461,8.61256104,466.9701895,-6.661338148e-15,-17.17701717,0.003398280484,-1.60569783
0,1,9,4.065547011,0.9374039948,3.602225883,-4.884981308e-15,-1.508650505,1.119066362,-0.4901285775
0,1,10,48.6978098,1.925622595,48.93352184,-2.664535259e-15,5.560404782,0.1711639601,0.09751870461
0,1,11,100.7374109,3.131607897,101.2686647,-4.440892099e-16,-7.999092393,0.05279777694,0.1220702665
0,1,12,37.2326233,2.963100395,35.62966225,-4.440892099e-16,4.744702907,0.09972470632,-0.5062025767
0,1,13,59.38544919,3.169131209,53.24230781,6.661338148e-16,5.80004826,0.075658068,-1.689733187
0,1,14,4.155917503,1.655189567,3.003365893,1.376676551e-14,-1.377549754,0.362950455,-0.6943589762
0,1,15,79.52856048,4.967642545,77.33727133,7.549516567e-15,6.990328636,0.03292746372,-0.39762971
0,1,16,17.25522744,3.245585403,25.01026091,-8.881784197e-16,-3.975230194,0.09257722142,2.359585656
0,2,0,48.79501792,4.359415714,64.62243209,-6.389911168,-4.440892099e-16,0.04728721797,3.441770034
0,2,1,57.29628533,4.782496828,74.94566749,6.881394202,-1.776356839e-15,0.03871938905,3.472911809
0,2,2,2442.696618,71.36931942,2321.226566,-38.29675156,5.329070518e-15,9.556876456e-05,-1.187482461
0,2,3,963.0848738,29.75161582,1008.212875,25.23941536,-2.331468352e-15,0.0005814163506,1.088152383
0,2,4,68.25792188,3.927813073,66.80517865,6.496930726,-5.773159728e-15,0.05096594468,-0.327966058
0,2,5,142.6848579,3.928522507,144.9572392,-9.570246538,-7.993605777e-15,0.02962404637,0.3911140384
0,2,6,2775.378191,50.88310916,2616.161543,40.65701125,-1.065814104e-14,0.000105025,-1.631679358
0,2,7,301.6516327,7.179444965,309.2191036,-13.97771978,-1.776356839e-15,0.007494074056,0.6551032478
0,2,8,1.950580478,1.399863933,3.19188566,-1.420125854,0,0.5094131089,0.885959005
0,2,9,285.1788781,6.921122463,287.7002219,13.48258819,-3.108624469e-15,0.008257895436,0.2291219863
0,2,10,277.2655885,8.432141733,250.5844334,-12.58288465,1.776356839e-15,0.007128112127,-2.252640509
0,2,11,4.98907464,1.640174902,1.912624936,-1.099304683,5.329070518e-15,0.3686533348,-1.867922712
0,2,12,35.0922734,4.099674586,31.36385319,-4.451617873,1.154631946e-14,0.0558171127,-0.8808633418
0,2,13,170.4007831,14.26295845,179.8210378,-10.65917079,1.154631946e-14,0.004356069135,0.6217417391
0,2,14,6.760631715,3.145703156,6.6407429,-2.048384611,4.218847494e-15,0.1006382086,-0.03803295908
0,3,1,35.08546633,4.422352895,33.14767547,0,-4.576460417,0.04839077427,-0.4262733574
0,3,2,0.6477023871,1.420165595,2.316343902,1.33226763e-15,1.209775236,0.4957248971,1.174852675
0,3,3,64.31230509,4.640299245,62.78521984,7.105427358e-15,6.29842382,0.03959636666,-0.303872185
0,3,4,624.4824341,39.64770893,585.7385383,7.105427358e-15,19.23778518,0.000520042083,-0.8835325055
0,3,5,221.6933526,5.391948679,236.5887364,-3.663735981e-15,-12.22644514,0.0136414,1.739727264
0,3,6,58.27482799,2.321236755,58.63798441,-4.440892099e-15,-6.086851242,0.1184202722,0.124970285
0,3,7,295.0010787,6.935742922,286.1754313,2.664535259e-15,13.44681235,0.007909665129,-0.7849204089
0,3,8,88.86412744,3.394593881,82.54076622,1.421085472e-14,-7.221666344,0.05367566255,-1.464996875
0,3,9,99.76039887,7.529204538,112.494509,6.217248938e-15,8.430800905,0.0152332567,1.571683093
0,3,10,29.70438398,2.58429277,32.05441829,1.776356839e-15,4.500358604,0.1338207172,0.8596781334
0,3,11,240.1579969,10.22852051,246.4809328,-2.087219286e-14,-12.47943248,0.00638851462,0.5053807798
0,3,12,14.01947752,1.97486321,12.50163055,-1.887379142e-14,-2.810518844,0.2452798426,-0.7517248659
0,3,13,2.240190196,3.742432691,0.677829948,8.881784197e-16,0.6544305243,0.07137596197,-0.4174045391
0,3,14,4.831882188,3.027169699,3.464196253,0,-1.479464045,0.1088759038,-0.4512864222
0,3,15,20.8539399,6.252530121,27.09512469,1.33226763e-14,4.137602334,0.02532573258,0.9932259315
0,4,0,542.5660626,19.26966499,497.4834847,17.72933741,-4.884981308e-15,0.001571684215,-1.787275029
0,4,1,410.1590062,12.872642,422.0532364,-16.33002271,4.440892099e-15,0.003153457178,0.6679282461
0,4,2,33.68185233,2.484083483,33.614567,4.608577889,0,0.1390493517,-0.02509024457
0,4,3,0.7292628843,1.334386676,0.4946010623,-0.5590243092,8.881784197e-16,0.5614613674,-0.1758338065
0,4,4,39.55620192,2.77964263,45.41340783,-5.356674012,2.442490654e-15,0.1094734258,1.937960167
0,4,5,17.80587987,2.157357041,19.08649415,3.472691891,-8.881784197e-16,0.2024482544,0.576202791
0,4,6,124.2165715,3.904696176,124.9319346,-8.884641406,7.993605777e-15,0.03432482512,0.1325350362
0,4,7,99.17247441,4.517539275,105.4824572,-8.16381755,2.753353101e-14,0.03417655693,1.166520377
0,4,8,160.5000803,6.956236655,148.9925055,-9.702538685,7.327471963e-15,0.01397165609,-1.360215592
0,4,9,99.62345774,5.485785863,97.57988013,7.85205461,2.220446049e-16,0.02562381397,-0.3271244613
0,4,10,74.34415848,4.972749613,73.58649897,6.818710336,-1.34336986e-14,0.03366710086,-0.1390198907
0,4,11,10.69769204,2.147442935,15.22283972,3.101351626,-3.863576126e-14,0.2121112237,2.084080944
0,4,12,198.3305874,18.36737959,194.7614485,11.09314447,-7.771561172e-15,0.002682675783,-0.1848619558
0,4,13,53.51012846,6.111401713,39.18817432,-4.976003611,9.992007222e-16,0.02504619058,-2.266590788
0,4,14,6.586890355,4.416054018,5.527974256,-1.868900487,2.664535259e-15,0.05117554972,-0.2395481436
0,5,1,36.16397806,3.419490187,41.43044196,-1.776356839e-15,-5.116381905,0.07770030037,1.468014889
0,5,2,81.54091167,4.319949901,71.4126355,-1.776356839e-15,-6.717237469,0.040574543,-2.04015119
0,5,3,242.3991708,8.144621362,255.8328964,5.329070518e-15,12.71397535,0.008388102093,1.230349015
0,5,4,50.88273716,5.080922612,59.76318331,-3.441691376e-15,-6.144973755,0.03552912538,1.673890496
0,5,5,78.2875782,6.163102589,77.4896363,-3.552713679e-15,-6.997211198,0.02298856708,-0.1209838013
0,5,6,-2.691188631,2.40627201,0.6584452865,-1.221245327e-14,-0.6450049057,0.172707247,1.392042921
0,5,7,14.71980344,2.345555108,13.6732199,-1.776356839e-15,-2.939263831,0.1755422552,-0.4384950895
0,5,8,13.37577856,2.265402268,17.38637441,-2.109423747e-15,3.314421101,0.1889263558,1.74323194
0,5,9,27.95639075,12.0640767,24.49043631,5.773159728e-15,3.933701781,0.006837824226,-0.2866037156
0,5,10,49.0020012,5.566257453,49.56548487,9.436895709e-15,5.59619515,0.03017110164,0.0978761607
0,5,11,20.62434791,5.307561555,19.09141581,1.665334537e-16,-3.473139599,0.03502254417,-0.2868776816
0,5,12,4.964790469,3.519511563,0.2267009678,7.771561172e-16,0.378468604,0.08058572363,-1.345031066
0,6,0,81.7086787,9.591199611,85.86226586,-7.365535784,3.552713679e-15,0.01020410378,0.4195761188
0,6,1,76.48579646,6.54750979,74.22790327,-6.84836293,3.663735981e-15,0.02077492386,-0.3254416366
0,6,2,13.0598669,5.952670906,5.769452842,-1.909283789,1.776356839e-15,0.02809952118,-1.222085678
0,6,3,15.39866751,3.715534857,20.50706124,3.599605324,-2.664535259e-15,0.07133376711,1.364369313
0,6,4,5.010967668,2.930535057,8.435466401,2.308648001,-3.552713679e-15,0.1161354597,1.167023043
0,6,5,60.37020463,6.030600657,63.7040772,6.344344916,-1.643130076e-14,0.02522179432,0.5294646697
0,6,6,71.49415244,6.73498888,65.27581011,6.422133163,-4.884981308e-15,0.02001587352,-0.8797553189
0,6,7,60.61069681,4.123960234,57.497785,-6.027382163,8.881784197e-16,0.04922873605,-0.690678854
0,6,8,29.55419158,3.921884325,21.32245247,3.670470591,-1.33226763e-15,0.06185331635,-2.047260433
0,6,9,1.827866277,1.949980839,1.765479631,1.056171701,4.440892099e-16,0.2627822367,-0.03198082334
0,6,10,52.04151547,8.395283877,54.7478394,-5.881480528,4.218847494e-15,0.01371398251,0.3169287026
0,6,11,2.515205519,3.086089477,0.04898029247,-0.1759194499,4.773959006e-15,0.1049357375,-0.7989037232
0,7,1,5.174483202,2.915458233,0.3882300121,4.440892099e-16,-0.4952765023,0.1173158904,-1.639359076
0,7,2,51.38148942,5.92505011,57.05893761,3.996802889e-15,6.004336341,0.02667928026,0.9273426495
0,7,3,12.76512442,3.846985205,12.13030503,2.442490654e-15,2.768464967,0.06690776332,-0.16420578
0,7,4,13.60154346,4.652928016,11.00788261,2.220446049e-15,2.637272863,0.04583741096,-0.5552943139
0,7,5,46.7541006,5.799074296,37.51012768,-1.887379142e-15,-4.868301227,0.02809255958,-1.549367065
0,7,7,1.539506001,2.549875569,3.775893916,8.881784197e-16,1.544589447,0.1537515733,0.876913833
0,7,8,23.87174428,6.122990945,27.52491527,-8.881784197e-16,-4.170289135,0.02631309427,0.5925922413
1,0,1,1088.747741,20.24107049,1117.941743,-1.776356839e-15,-26.5774162,0.0006772611008,0.7597517251
1,0,2,160.9181097,8.192611561,261.8893235,12.86358641,-7.105427358e-15,0.01105900374,10.61831437
1,0,3,1003.959826,16.22485369,969.5244524,-3.552713679e-15,-24.75041895,0.0008544177461,-1.006560601
1,0,4,123.1984553,3.341980684,121.4417079,8.75965707,-3.552713679e-15,0.04027563299,-0.352557947
1,0,5,1.214866701,0.9985785055,0.3705299139,-3.552713679e-15,-0.4838545273,1.001514949,-0.8449761083
1,0,6,635.9391914,13.21814385,585.5767275,-19.23512777,9.325873407e-15,0.001856334154,-2.169876652
1,0,7,40.55354755,1.983972346,41.42683095,7.105427358e-15,5.116158933,0.1846286505,0.3752362201
1,0,8,64.49998538,2.111116148,65.14760514,6.415823367,-4.440892099e-15,0.1219358334,0.2261443623
1,0,9,30.38839597,1.586341658,37.99855074,2.664535259e-15,4.899894031,0.2987224532,4.159368735
1,0,10,149.1185681,4.139781237,140.1336714,9.409670618,-1.243449788e-14,0.02691753717,-1.474112919
1,0,11,82.37802285,3.131471955,79.27971175,1.931788063e-14,7.077570473,0.06283916897,-0.776676633
1,0,12,74.8151231,3.633862552,72.1245143,-6.750634926,6.217248938e-15,0.05481695967,-0.6299528291
1,0,13,18.75754188,2.058342819,16.65680506,4.440892099e-15,-3.244135779,0.2196143747,-0.9844689615
1,0,14,36.76989493,3.342879519,31.58188714,4.467064361,-1.243449788e-14,0.08069939821,-1.473790551
1,0,15,69.57297376,4.555671544,79.12083737,-1.099120794e-14,-7.070475288,0.0398239748,1.905366429
1,0,16,1.441004865,1.732301377,2.29236949,-1.2034983,-4.440892099e-15,0.3330295098,0.4913115337
1,1,0,100.4418117,5.104371313,74.54834648,-5.329070518e-15,-6.863129264,0.02846220828,-4.368420837
1,1,1,194.1459398,3.716227181,204.6625914,11.12141369,-2.372327728,0.02094954842,1.52217583
1,1,2,157.1443291,3.294309345,144.8733434,3.534688314,8.890589895,0.03023214033,-2.13360439
1,1,3,1524.152466,18.19747749,1466.914927,-12.05788342,-27.95462973,0.0004129015463,-1.163065578
1,1,4,215.6886266,3.329666962,204.4488,10.65284481,-3.961766918,0.0188835632,-1.544548619
1,1,5,589.0763974,7.195849452,578.7693574,-0.2449634557,-19.12142704,0.002746572509,-0.5401688021
1,1,6,23.73215555,2.664861921,30.43327011,2.33556545,-3.71134169,0.1314339766,2.429410286
1,1,7,418.8147792,5.401883547,416.1890138,5.781650413,15.15047578,0.005346290368,-0.1919915858
1,1,8,281.5384245,3.88866661,267.638983,-6.306429795,11.37249563,0.01156614591,-1.494829576
1,1,9,279.0081858,4.073382101,278.0942777,-4.096248654,12.6068046,0.01154022106,-0.09817696404
1,1,10,148.3303272,2.736337111,141.2035576,-4.556123251,-8.274033947,0.03664448214,-1.364259584
1,1,11,15.37515615,1.009216422,16.96594107,-2.071043724,2.535846801,0.8121671277,1.433620394
1,1,12,3.657140347,0.8559073489,3.633399887,-0.0424841616,1.514568714,1.342976625,-0.02751207546
1,1,13,126.4147232,3.677884235,125.3625904,4.912924139,-7.421060194,0.03583016242,-0.1991567022
1,1,14,22.03939639,1.882035995,17.72174555,1.624181778,2.925631779,0.2513054704,-2.16445465
1,1,15,58.52411875,3.974127065,60.63346714,-0.4655002258,-6.172024882,0.05297662081,0.4855013487
1,1,16,39.05585438,6.9037446,46.32448078,2.115713872,-4.979293382,0.02039379884,1.038009701
1,2,0,2.49876803,0.9260079231,1.763988438,2.664535259e-15,-1.055725565,1.158600697,-0.7909043762
1,2,1,90.24906566,2.500597714,93.16534174,-5.592377278,-5.252694642,0.07361930638,0.7912696279
1,2,2,401.9740742,6.733007292,432.9259212,-16.23858891,3.138097645,0.005242237837,2.241015859
1,2,3,706.4663833,10.50697941,661.7020718,16.7520788,11.72420351,0.001787048534,-1.892343981
1,2,4,225.7384101,3.812118308,229.2597583,12.03138109,-0.317957092,0.01655785594,0.4531176951
1,2,5,562.132485,8.732980481,538.9417385,-6.044338833,17.43531787,0.002772705378,-1.221143186
1,2,6,20.46500017,2.083747523,22.23551051,-0.4721256778,-3.718381001,0.2119120714,0.8150351064
1,2,7,129.6273252,3.054520524,127.4338307,-4.715747198,-7.634093034,0.04089475309,-0.4435783663
1,2,8,4.178514643,0.9436196022,4.568242848,-0.4333263759,-1.642748206,1.103592045,0.4094172313
1,2,9,313.8961947,4.969671538,308.520085,1.18001381,-13.91195711,0.008820257553,-0.5049039332
1,2,10,9.293801096,1.101887956,11.89862027,-2.36944824,1.379755729,0.7740571147,2.291733341
1,2,11,9.531738091,1.49400404,8.832474959,0.8276021397,2.212639991,0.4321863529,-0.4597017487
1,2,12,31.88522662,2.069642465,31.06737613,-4.430243901,0.05014907885,0.1923661108,-0.3587056361
1,2,13,75.31224123,3.771006673,73.91146563,4.908737539,4.75441195,0.05174582218,-0.3186443436
1,2,14,55.12244974,4.947335185,51.4337385,5.590639818,1.114711555,0.03675016599,-0.7071382206
1,2,15,11.41776643,3.673573595,14.10393421,-2.97979648,0.1795183834,0.07346204379,0.7280557549
1,3,0,311.761547,9.440074226,303.2108164,-8.881784197e-16,-13.84125648,0.005662811171,-0.6434566018
1,3,1,451.9491564,10.98273363,426.7115256,3.921482034,15.94474548,0.003284582746,-1.446400909
1,3,2,67.95017322,2.498998816,63.29959778,-4.699283022,4.232243573,0.09614923727,-1.442047663
1,3,3,560.0620391,9.512059389,535.3632483,-11.96815399,13.96519252,0.002682534303,-1.279229109
1,3,4,116.7278201,3.629348779,109.247002,-5.555280645,6.177811886,0.03931587522,-1.483313917
1,3,5,32.17641828,1.649279496,30.44834797,1.598369036,4.084564398,0.2738291192,-0.9042764525
1,3,6,70.53392079,2.067206902,63.56104033,-1.904247155,-6.044350993,0.1142742874,-2.357145989
1,3,7,200.7930111,3.747541912,194.3261962,10.88225052,-2.087934074,0.01986881797,-0.9115415005
1,3,8,50.85359158,1.679531496,51.82056923,3.998190178,-4.093497944,0.1942386846,0.4261713996
1,3,9,422.4908209,8.807288274,414.0742845,-2.732902168,-15.94237985,0.004197853727,-0.5453145147
1,3,10,36.06671887,2.767494375,38.09057938,4.886203911,0.4383150934,0.1132534575,0.6810928353
1,3,11,54.76916098,2.638007409,55.17932469,-5.438759679,2.298768266,0.1035327659,0.1319763591
1,3,12,60.31884786,3.174662145,57.72550997,-1.064258666,5.944793917,0.07488949977,-0.709691447
1,3,13,76.97053362,4.985688936,79.1699094,1.921701732,6.806591575,0.03312452636,0.4002895739
1,3,14,29.49768342,3.045762085,26.64496982,-3.327649778,-2.400432187,0.09940586433,-0.8994233869
1,3,15,3.706045682,3.151298242,1.105392618,0.5183514539,-0.6555469453,0.1005728437,-0.8247508744
1,4,0,5.743880203,2.431839174,5.021518343,2.664535259e-15,1.781232858,0.1682500479,-0.2963005148
1,4,1,173.2524459,4.819217116,165.1864944,-1.888023985,-10.0402497,0.01990460811,-1.137974225
1,4,2,38.00866839,1.881973392,38.2487265,-4.674408572,-1.52214874,0.2065255108,0.1090945945
1,4,3,169.1466738,4.199186029,175.9424785,-2.107110612,-10.33089456,0.02305066261,1.031769295
1,4,4,23.59047571,1.581521756,22.25069798,-0.2970357945,-3.737730019,0.3331034306,-0.7732542333
1,4,5,61.9172098,2.074317425,61.3777137,-5.467798449,2.980604912,0.1289796749,-0.1937532273
1,4,6,41.71075284,1.588298339,36.67114191,2.554326527,4.079910417,0.2445884904,-2.49238436
1,4,7,317.4559991,7.534123835,316.4458631,13.98982137,2.056136182,0.00678133901,-0.08318357295
1,4,8,48.69113281,2.300416027,47.47351003,-0.1741932518,5.474053876,0.1346682064,-0.4468330672
1,4,9,4.117621419,0.9781219345,4.24348498,0.3827662849,1.592070584,1.028825801,0.1276647321
1,4,10,32.25679726,2.429358769,29.73571331,-3.47018155,-2.597310076,0.1462365675,-0.9640849404
1,4,11,264.4262867,8.454549117,271.9071865,-12.54143921,3.809702492,0.007440003677,0.6452684251
1,4,12,42.70354505,2.949913948,47.82190812,2.804073223,-4.727886837,0.09668163694,1.591486968
1,4,13,32.18512498,3.417552475,36.70047741,4.538510717,-1.609567892,0.07928982348,1.271453199
1,4,14,36.96113363,6.963145123,36.29787857,4.00693974,2.622755163,0.02011469283,-0.094066997
1,5,0,17.38403802,3.844724298,15.02758065,-8.881784197e-16,3.081397351,0.06642801636,-0.6073446756
1,5,1,147.6552801,4.174638399,144.0690332,4.845709168,-8.218729729,0.02699093262,-0.5891815433
1,5,2,99.27588401,3.396537249,96.11404034,7.530916167,-2.00346917,0.04900376254,-0.6999308033
1,5,3,395.8263148,11.43940254,401.8348146,-1.542849085,-15.85920785,0.003678221059,0.364405535
1,5,4,9.783694072,2.029844721,9.423153592,1.602373353,-1.840194118,0.23773195,-0.1757914745
1,5,5,38.27382677,4.206420531,52.43482185,-2.243676575,5.300591875,0.05259733277,3.247697961
1,5,6,67.91298614,3.367773715,70.66267073,-4.632277608,4.815540102,0.06454587796,0.6985815913
1,5,7,153.1931565,5.244178491,153.0882352,-2.2024857,9.585204999,0.0205665099,-0.01504679699
1,5,8,0.04608793675,0.9009045972,0.08968484775,0.1064118688,-0.212938694,1.232086988,0.04839231567
1,5,9,66.15630448,3.433082545,73.19675118,-1.711649081,-6.581702688,0.06359281582,1.775432816
1,5,10,10.73658661,2.546224732,13.62584897,2.59650254,-1.366570756,0.1518140124,1.125752468
1,5,11,56.18481166,5.349134728,55.60984561,3.038113783,5.08982582,0.03179215349,-0.1025184835
1,5,12,16.90595625,3.511949283,18.13680475,-3.112218225,1.331779266,0.07942169576,0.3468759433
1,5,13,7.951641762,4.633164443,19.31461983,2.491033261,2.449179646,0.04646166864,2.449286395
1,6,0,29.575964,7.325599021,30.28615864,-2.220446049e-15,4.374468239,0.01836491137,0.09624358926
1,6,1,136.2281844,6.126535175,124.2835489,8.026938671,3.754388525,0.01843768645,-1.621907617
1,6,2,97.43558244,5.278192119,99.52179786,7.848644661,1.131599616,0.02746978389,0.3457695715
1,6,3,65.89580981,4.295786234,67.88899692,-3.65408536,5.435307494,0.04471909653,0.4214970892
1,6,4,70.42145376,4.730295998,64.55111047,-5.4639943,-3.306155963,0.03725926333,-1.13313233
1,6,5,108.1221301,5.64498954,111.3438646,-8.364883462,-0.6165279615,0.02359199304,0.4948482753
1,6,6,12.08792066,2.425662531,14.22474533,-2.541184077,-1.590638413,0.1662415107,0.8712416494
1,6,7,53.08853785,3.235166672,52.07943021,4.326913897,-3.766115329,0.07690617552,-0.2798453548
1,6,8,49.33167452,3.533009175,49.06841171,5.330071527,1.610486735,0.06815514536,-0.06872881324
1,6,9,2.601935837,1.452072835,0.6996385186,-0.6260223926,0.223952624,0.4729007574,-1.308167636
1,6,10,0.2051170517,1.765984946,1.123709781,-0.08018959369,-0.838792675,0.3206422393,0.5201557095
1,6,11,15.9076145,4.934062987,15.05454102,-3.083356947,-0.07038592605,0.04069552802,-0.1720916459
1,7,0,155.4097594,11.20056881,151.4464156,5.329070518e-15,9.782112895,0.006793952933,-0.3266803548
1,7,1,50.55505389,4.225747638,49.55386183,-5.269246979,1.882841612,0.04961012585,-0.2229988185
1,7,2,14.45065703,2.888468582,15.32782202,-1.075758695,-2.920180994,0.1172169403,0.3003146227
1,7,3,33.7603235,4.758681481,25.57213431,2.887631192,2.796257257,0.04224608415,-1.682988306
1,7,4,57.41983294,4.616116266,53.47485389,0.1826343935,-5.809830991,0.04119318046,-0.8006770204
1,7,5,49.25920842,4.350001124,47.02252092,4.327517934,3.314097947,0.04737914573,-0.486854204
1,7,7,16.43148089,3.756710445,13.93793007,-1.081374322,-2.763540414,0.06965792869,-0.6581175943
1,7,8,2.614528828,2.107788818,0.1299004307,-0.2504909721,0.1390338621,0.2247733555,-1.177968993
1,7,9,47.45496599,5.575163721,52.96695908,-0.6542874714,-5.747911942,0.03020306098,0.9579308147
2,0,0,4360.744051,125.026193,4315.975457,-52.22069583,5.329070518e-15,3.053805418e-05,-0.2473968331
2,0,1,738.1507093,12.85402692,782.344756,-8.881784197e-16,-22.23321456,0.001525306752,1.726006263
2,0,2,264.8461816,6.007787672,229.6269715,12.04521677,0,0.01007834272,-3.535689943
2,0,3,74.60827079,2.181759811,94.34733763,-3.552713679e-15,7.720901215,0.1023559207,6.315141736
2,0,4,239.533004,4.120642489,256.830417,12.73873783,-5.329070518e-15,0.014573404,2.088149829
2,0,5,742.593066,11.86988937,748.8732411,1.243449788e-14,21.75240735,0.001569380041,0.2487916582
2,0,6,118.717674,3.213194483,123.159419,-8.821389269,0,0.04346103461,0.9259843578
2,0,7,8.682502223,1.070568874,7.556217085,0,-2.185019839,0.8237469958,-1.022222122
2,0,8,121.2184134,3.391502649,129.4668588,9.04445655,-5.995204333e-15,0.04044194375,1.658777416
2,0,9,28.70024593,1.69647231,28.22387922,-1.687538997e-14,-4.222907063,0.2762925516,-0.250395201
2,0,10,52.8075398,3.036659628,45.49338273,-5.3613886,4.440892099e-15,0.08524368456,-2.135479415
2,0,11,92.81915224,3.324835484,97.54660783,5.995204333e-15,7.850715818,0.05316777168,1.090063222
2,0,12,28.18507467,2.240882204,23.77611413,-3.875909336,2.664535259e-15,0.1743219681,-1.840824021
2,0,13,14.31570662,4.238986624,17.90616864,5.995204333e-15,-3.36360126,0.05508593841,0.8426955749
2,0,14,18.53462157,3.378587969,16.83908264,3.261837981,-4.440892099e-15,0.08529486182,-0.4951869618
2,0,15,156.7798436,8.739327598,170.7629253,-7.771561172e-15,-10.38723517,0.01015251367,1.408930876
2,1,0,4744.967792,77.58918598,4675.27978,54.35092926,-1.154631946e-14,3.804693053e-05,-0.4298509514
2,1,1,80.6026269,1.356322319,75.00342442,-1.950439032,6.601959317,0.1300945793,-2.019555409
2,1,2,837.2668777,10.35529626,822.5979657,9.618242582,20.66975525,0.001354744799,-0.539916561
2,1,3,245.4032952,3.473013866,254.0210423,-12.6576805,-0.5324413094,0.01509153205,1.058669512
2,1,4,1435.808389,16.68069658,1426.32481,-24.78400867,-16.93990486,0.0004686833308,-0.2053108979
2,1,5,20.44454035,1.868240322,26.20463118,4.003174075,0.7291789799,0.258631623,2.929342446
2,1,6,275.7761958,4.162768414,269.2297625,-11.48191648,6.186713492,0.0116582863,-0.7068416075
2,1,7,191.8653042,3.485892779,192.1066891,8.527624297,-6.975679033,0.02208357958,0.03587110975
2,1,8,9.969587373,0.6586870511,10.45799191,-0.5800767581,2.504251743,1.910869274,0.6751420872
2,1,9,74.00037411,1.831395971,73.16506085,-6.799084256,-0.03135194464,0.1207370607,-0.2902482914
2,1,10,61.77365656,1.852036717,60.70373699,1.354836609,-6.043128213,0.1456786006,-0.4083654696
2,1,11,108.5285366,3.121582425,111.1530392,-2.674154796,7.94227343,0.04915242598,0.5818613145
2,1,12,109.1659636,3.426060394,102.9637522,6.593403069,4.645808566,0.04451690476,-1.308606416
2,1,13,112.4679037,4.027226222,122.4474032,8.794310644,-0.1647108191,0.03622836957,1.899473143
2,1,14,53.47340581,4.796172663,49.95626562,5.483966295,-1.220829347,0.03909802906,-0.6954519231
2,1,15,22.17498822,2.468547922,23.96476765,-2.279124633,-3.153959846,0.1529920829,0.700057947
2,2,0,2.330247068,0.7340838184,3.587481484,1.505559783,7.105427358e-15,1.839026012,1.704944307
2,2,1,427.5748719,6.311324602,396.2302988,8.807819004,13.14442963,0.004893060637,-2.192565916
2,2,2,1486.153285,22.00157801,1443.682834,13.25351265,-27.13888979,0.000404554333,-0.8542309465
2,2,3,148.8598444,3.28299053,135.4673797,-5.427679575,-7.492252739,0.03255064782,-2.416241443
2,2,4,120.6252227,2.79354193,112.4120369,-7.263585564,4.273946607,0.04784854651,-1.796577756
2,2,5,7.14122246,0.9798882198,9.831459201,-0.7415863635,-2.379484771,0.9939584465,2.682097825
2,2,6,360.5346546,5.557574725,351.260453,-11.26136556,9.753033105,0.006762543745,-0.7626610651
2,2,7,147.3506208,3.05939527,148.5415779,7.557433229,-6.061315562,0.03460101735,0.22153409
2,2,8,174.3481245,4.125394109,175.901128,8.57605929,-6.131262325,0.02253449107,0.2331290032
2,2,9,141.7981061,3.073952811,141.2249582,-7.289714372,-6.007618743,0.03630394148,-0.1092052659
2,2,10,5.759004314,1.266314844,4.059788721,-0.8504388554,-1.35716104,0.6122188595,-1.329541313
2,2,11,69.59610814,3.787341591,66.68677864,-0.08100823899,6.490665358,0.05346674993,-0.6727207191
2,2,12,68.01818711,3.954665218,67.78745609,-0.2225371477,6.540735979,0.05049688076,-0.05184874611
2,2,13,72.6997582,4.22021513,67.11341405,4.721776379,4.484383101,0.04431259949,-1.175956617
2,2,14,23.87609634,2.745796882,26.36735667,3.990193825,-0.8592288332,0.1241856264,0.877919669
2,2,15,22.21590045,5.209404017,27.19272072,-2.133434116,-3.553853811,0.03625542141,0.9476292026
2,3,0,0.2642696257,1.016873515,0.08910494617,-0.2372761447,-8.881784197e-16,0.9670295162,-0.1722528451
2,3,1,259.7191767,5.860806809,232.7559053,12.10731858,0.6906995206,0.01051992608,-2.765533533
2,3,2,335.417454,7.088187554,326.2708972,-13.77793157,-4.039707652,0.006600800168,-0.7431148277
2,3,3,314.378693,5.777696526,312.3877499,6.792978536,-12.29773015,0.008174453063,-0.1800065041
2,3,4,93.95715778,2.308593325,95.26495225,-2.699957824,-7.27339865,0.07533095211,0.3589436111
2,3,5,370.8402079,7.482960589,359.778011,-5.897797258,13.87579622,0.005562820816,-0.825066438
2,3,6,742.3228354,9.790078494,747.072568,20.0270503,8.422989161,0.001689804285,0.1952483447
2,3,7,11.02118533,1.104815528,11.93398163,2.057769108,1.818224357,0.7519151895,0.7915134448
2,3,8,98.83138714,2.816448675,97.37487813,7.832156792,-0.4272626163,0.05979694661,-0.3561661816
2,3,9,63.07127319,3.019973415,62.86439001,0.2474344829,-6.297534563,0.07873751403,-0.05805184571
2,3,10,267.7184044,6.615495501,266.7159443,-11.89971707,-5.188278663,0.00923611677,-0.09634113961
2,3,11,38.20850946,2.472213952,39.24384957,-4.745062013,1.510025239,0.1346666589,0.3799383064
2,3,12,89.44764857,4.258278335,93.18710616,-6.118320293,4.630917082,0.03947306922,0.7429490987
2,3,13,13.86569614,4.62862885,12.88600945,1.00514534,-2.670498933,0.04630221953,-0.2108084963
2,3,14,9.496559409,3.898145476,10.22862609,2.54205538,0.02824958759,0.06545914476,0.1872991496
2,3,15,8.28516331,3.665688758,6.952783335,1.872006307,0.9426723611,0.07407926727,-0.3626406094
2,4,0,24.26033358,3.863662781,27.13275496,-4.140474531,3.108624469e-15,0.06469310646,0.730595768
2,4,1,297.201636,6.16895507,298.4644464,13.71880067,0.6131460137,0.008506878052,0.1164724676
2,4,2,5.15693486,1.066229938,5.781170082,-0.6787808152,-1.786623799,0.8614890499,0.5793928751
2,4,3,107.2568998,3.206321082,101.6472781,-1.702672984,-7.831066751,0.04846338789,-1.234924647
2,4,4,230.0530673,5.24555544,222.7688265,-0.1773405229,11.86265378,0.01330710516,-0.8402839982
2,4,5,175.7321885,4.128371143,164.6391418,-9.572939927,3.519123632,0.02230297378,-1.656655575
2,4,6,29.55615566,1.510936634,26.23642779,3.270621627,2.424918382,0.3258242557,-1.894934449
2,4,7,183.3523706,6.269037904,199.001626,7.221591925,8.578203389,0.01437667368,1.87638904
2,4,8,161.093249,6.83366427,167.9959881,4.381038029,-9.324853981,0.01427451924,0.8247117954
2,4,9,7.468275139,1.528968519,7.835002894,0.3948968513,-2.1896383,0.4187705785,0.2373186453
2,4,10,48.07367864,3.234982695,41.16533235,-4.765848903,-1.815638034,0.07971250088,-1.950461206
2,4,11,22.03382589,3.098022504,18.02870246,-0.8908823095,-3.255389957,0.09965435911,-1.264340517
2,4,12,29.9622576,2.640134984,35.2245836,-3.622230548,3.022533224,0.1285631944,1.886844353
2,4,13,-0.163896528,3.114434459,0.7476410287,-0.6873045067,0.001086670175,0.1030959508,0.2926815667
2,4,14,-0.6457495757,2.917419091,11.32200453,2.662705307,-0.2523549995,0.1174903936,4.102171726
2,5,0,338.9056437,14.40551545,328.6785511,14.41082529,-7.993605777e-15,0.003216569634,-0.5800276114
2,5,1,181.6190325,4.750067142,178.8141354,1.713696966,10.49023187,0.01913873271,-0.38803735
2,5,2,6.770566724,1.258581674,7.746776216,0.4868418579,2.158170375,0.6152769524,0.7657347387
2,5,3,267.604172,8.763195474,267.6784465,-2.014080003,-12.84807884,0.007079927286,0.006249630477
2,5,4,86.44544623,4.539067113,90.19313166,-7.231655783,2.165798097,0.03659161689,0.7168923258
2,5,5,47.2502087,3.603945791,51.69649218,-5.703447445,0.3667978346,0.06667667145,1.148111597
2,5,6,4.681562772,1.486759033,5.941814696,-1.572314706,-1.132296769,0.4483947526,0.8438934771
2,5,7,13.22310468,3.192884675,15.31679844,2.255449978,2.142590506,0.09660082939,0.6507341308
2,5,8,23.42631885,3.486091687,17.4857702,-3.171035975,-0.9963534489,0.07907170813,-1.670463989
2,5,9,23.12784917,3.047258404,27.29641212,3.675105921,-1.934045183,0.1023835772,1.33383317
2,5,10,2.033087687,1.377205938,0.07555345381,0.1101075864,-0.1887165298,0.5262004967,-1.419989041
2,5,11,6.13478209,2.523466218,5.886986127,-0.09000922998,1.926531864,0.1562071955,-0.09793653724
2,5,12,78.83465176,10.03854454,79.9954086,7.090976949,-0.5121082012,0.00940151917,0.1125486441
2,5,13,-1.413757686,2.085723098,0.03847964158,0.1559256286,0.0003629854885,0.2298723304,0.6962752288
2,6,0,5.421423074,2.819058302,2.850569111,1.34205081,4.662936703e-15,0.1254147724,-0.9104408896
2,6,1,115.4637841,5.665154106,114.7641975,8.368533926,1.57484007,0.02267950765,-0.1053557695
2,6,2,171.1876443,7.132268359,172.3053128,-0.07141023708,-10.43379583,0.0129459993,0.1271688667
2,6,3,4.141327136,1.889773621,4.711323876,1.544888767,-0.7681902559,0.2788093824,0.300971979
2,6,4,6.31119109,1.912154152,2.927964663,1.341146246,-0.2265582535,0.2708425885,-1.760716939
2,6,5,41.65682018,3.499483408,37.9039575,-4.887374877,-0.2505207355,0.07242102016,-1.009938649
2,6,6,10.32854047,1.826247636,11.95586821,-2.277281779,1.538885963,0.2914439657,0.8785218372
2,6,7,12.55055583,2.579743642,11.69848214,2.680230408,-0.455983273,0.1471271497,-0.3268312408
2,6,8,30.37968789,3.431459524,28.94188583,-4.133513653,-1.095752454,0.07933015295,-0.4049657059
2,6,9,9.024801573,4.061033797,5.907712147,-1.102335937,-1.586687642,0.06036716088,-0.765860441
2,6,10,81.78827953,10.65809389,69.7486159,4.457273241,4.919614029,0.008360130631,-1.100831594
2,6,11,0.1033290817,3.196458495,2.986015983,-0.5041526747,1.277697561,0.09787267363,0.9018373148
2,7,0,16.94332184,3.789856609,14.78293365,3.056212059,-8.881784197e-16,0.06839298937,-0.5649858723
2,7,1,2.33142457,3.550587592,2.396851127,1.090302751,-0.5706694563,0.07929230515,0.01842339187
2,7,2,21.67201229,3.032735783,25.00531931,-3.974837105,-0.001667971363,0.1039479987,1.074690435
2,7,3,19.6723378,5.043499976,17.73752016,2.112911301,-2.59670187,0.03878194776,-0.3810262061
2,7,4,9.015857004,2.288258323,9.378896462,-2.43271145,0.08869261404,0.1883493403,0.1575563394
2,7,6,130.484373,13.74865831,138.7089217,8.460967967,-4.006708125,0.004893585085,0.5753414345
3,0,1,122.841757,3.176171841,115.9847717,-1.776356839e-15,8.560589207,0.04224907884,-1.409424579
3,0,2,206.2656404,3.317900027,214.5374101,-11.6427263,7.105427358e-15,0.02028421283,1.178087405
3,0,3,287.0160932,6.034537278,289.4505088,5.329070518e-15,13.52353813,0.009045185339,0.231527971
3,0,4,956.1283126,16.0176022,938.9586732,-24.35714661,9.992007222e-15,0.0009265034504,-0.5226183992
3,0,5,101.9065028,2.297034418,93.21858498,8.881784197e-15,7.674576586,0.06838631393,-2.271958018
3,0,6,353.8512335,7.784904326,328.8639835,14.41488984,-1.065814104e-14,0.005770528208,-1.898131276
3,0,7,24.34388732,2.122777574,24.75195812,-8.881784197e-16,-3.95464908,0.1984305337,0.1817773498
3,0,8,59.35070753,2.481171517,59.14617936,6.113170648,-1.776356839e-14,0.1072217272,-0.06697219469
3,0,9,162.1942871,4.59873694,156.9768274,-8.881784197e-15,-9.959119534,0.02230914383,-0.7792926029
3,0,10,46.64083591,2.208964393,43.51561043,-5.243553595,-5.329070518e-15,0.1462553973,-1.195190982
3,0,11,67.41660751,5.382031219,74.82931152,-1.643130076e-14,-6.876050315,0.0302509994,1.289277853
3,0,12,124.9159645,5.165944418,122.8702829,8.811028384,-2.664535259e-15,0.02455157765,-0.3205366925
3,0,13,141.5161841,7.389767537,131.508219,-8.881784197e-15,9.115481611,0.01376788229,-1.174300799
3,0,14,22.14850601,3.266357125,15.62141588,-3.141690281,0,0.09000422478,-1.958172998
3,0,15,65.48613537,9.365926025,67.55462276,1.565414465e-14,6.533271522,0.01091939554,0.2161484755
3,1,0,47.22145815,1.173252253,46.0405461,2.664535259e-15,5.393533796,0.2955606482,-0.642008622
3,1,1,404.583941,5.223317217,393.7915498,-3.691954948,-15.33565382,0.005727298414,-0.8167564723
3,1,2,300.0273193,4.288597359,287.1212273,7.02765116,-11.49027729,0.01005967192,-1.294454124
3,1,3,124.6936644,2.284214228,121.4184986,3.111873595,-8.187378714,0.05205271555,-0.7472311629
3,1,4,127.5369697,2.926432207,121.4658786,-5.380864731,6.913259632,0.04309765935,-1.260357039
3,1,5,32.47522292,1.079666577,29.6345044,-0.6850915231,4.272573171,0.4728454299,-1.953384784
3,1,6,165.3891916,2.984497538,165.5346862,-5.961234201,8.309929997,0.02982808425,0.02512810354
3,1,7,5.610508529,0.9033193399,6.620409151,-1.224700144,-1.638029737,1.184390881,1.099072059
3,1,8,304.4819482,6.284831943,301.3598643,4.860491381,-12.91458481,0.008134218267,-0.281580441
3,1,9,29.54762129,1.478131306,33.27895403,4.190945846,1.860889508,0.3366291697,2.164910025
3,1,10,93.60665334,2.585247709,90.46271714,4.519807996,6.060461783,0.06863657898,-0.8236667563
3,1,11,23.2321853,1.779727925,17.80986708,-1.657386111,2.916511211,0.2737331817,-2.836930679
3,1,12,32.25774304,2.171414636,33.01611677,-1.947346559,4.131429223,0.176942693,0.3190065479
3,1,13,40.9185664,2.906755934,38.29957519,-4.776807367,1.175275218,0.1004406711,-0.8300205481
3,1,14,112.4623572,5.04353335,100.116184,-0.7046820272,-7.922166384,0.02715898131,-2.034647152
3,1,15,48.92599682,7.845349391,30.17802178,4.042024187,-1.652176678,0.01569762977,-2.348937209
3,2,0,174.4813765,3.823849065,155.0456949,-4.440892099e-16,9.897671307,0.02379751324,-2.99823427
3,2,1,175.016198,2.467854195,172.3152823,10.23748869,2.017255361,0.02971070072,-0.4655512362
3,2,2,515.6278133,6.400090176,504.6774409,17.77181803,-1.742788002,0.003568293673,-0.6541226478
3,2,3,564.3930982,7.727691517,545.2542935,-15.02125087,-10.90297579,0.002886812456,-1.028310088
3,2,4,80.34395037,2.002033688,75.85648519,0.07327886708,-6.922695024,0.1018560805,-1.432169997
3,2,5,317.2394018,4.796837617,330.2063721,3.370292115,-14.04558128,0.008803870468,1.216677112
3,2,6,103.6926656,2.317653323,104.3576156,7.096061101,3.947545464,0.06645194298,0.1714126263
3,2,7,135.1487928,3.078218635,137.8975549,3.972450256,8.446814477,0.03858902095,0.5399692701
3,2,8,134.1004861,4.141681272,130.5367471,-6.902316079,5.902221958,0.02999564755,-0.617212922
3,2,9,327.1372176,7.096833218,324.3625476,-4.239807105,13.67365725,0.006817472572,-0.2290989159
3,2,10,245.4165008,7.009816672,243.1933073,-11.58365649,-4.413376,0.00967643335,-0.2186930136
3,2,11,21.66145082,2.135866271,18.55772239,-0.7818730639,-3.333791375,0.2006331447,-1.390224875
3,2,12,77.64399107,4.46831554,74.20913436,6.677306772,-1.517165174,0.03938314312,-0.6816537241
3,2,13,32.14965517,3.068122868,37.11827316,0.8406905845,-4.769277436,0.09667796876,1.544896416
3,2,14,35.8819387,3.124165092,33.30021291,3.961189541,2.312865419,0.09158205503,-0.7812954708
3,2,15,14.2768708,4.764887778,14.53622268,2.893069672,-0.902606473,0.0436917775,0.05421123006
3,3,0,279.3900112,8.6131673,262.8915388,4.662936703e-15,12.88817651,0.006923311446,-1.372779138
3,3,1,292.3912947,4.868650769,292.0807456,-3.720477548,-13.06545124,0.009935699864,-0.03095491591
3,3,2,14.57383829,2.304008514,17.62530435,2.946489334,-1.56670133,0.1818309986,1.30119536
3,3,3,223.4977903,4.154126907,231.3274765,11.72245155,2.957333584,0.01607383513,0.992668213
3,3,4,17.92647245,1.019334499,17.1854573,0.8174486923,-3.192212027,0.7528615929,-0.6429610367
3,3,5,253.6079796,4.190882361,245.1008681,-1.29444154,12.37694137,0.013254021,-0.9793906408
3,3,6,3.312707422,0.6291768879,3.098262121,-1.267102149,0.5933418865,2.464631407,-0.3366607788
3,3,7,309.3438578,5.037799542,309.099262,-12.31972183,-6.597377034,0.008968313521,-0.02316351085
3,3,8,45.62272323,2.050786396,44.20389965,1.498775478,-5.067880647,0.1645003497,-0.5754555841
3,3,9,35.10323344,2.649319123,35.68585768,3.573158934,-3.127338703,0.1230329324,0.2043615715
3,3,10,12.6416589,1.840678326,12.07588085,-1.032071049,2.562194433,0.2831315529,-0.3010511084
3,3,11,75.22850662,3.952546543,80.5351961,7.132240129,-0.1281341978,0.04827182157,1.165924745
3,3,12,29.38871232,2.666501369,26.77441684,-2.801393036,3.01153025,0.126781979,-0.9308580002
3,3,13,15.49827209,2.904703257,11.79414186,-2.580258174,0.891215499,0.1155604744,-1.259188956
3,3,14,9.04492222,3.871449126,8.19051769,1.787110382,-1.407595097,0.06639335669,-0.2201536324
3,4,0,14.01378945,1.583262577,13.49283566,-4.440892099e-16,-2.919811311,0.3726520982,-0.318017476
3,4,1,270.6209998,4.884268714,274.367851,5.431767389,11.99383913,0.01113979809,0.3954623112
3,4,2,28.4997124,1.794891876,27.35530488,-4.14123176,0.3665304156,0.2529950123,-0.5756210704
3,4,3,516.4410127,8.481300565,515.6138996,-12.99166585,12.53002491,0.003205409224,-0.04682811011
3,4,4,126.4537718,3.075700843,124.4583251,-8.287417803,3.155362759,0.04192619606,-0.4085854138
3,4,5,104.5840422,2.641581742,111.2763063,6.727360492,-5.005129061,0.05944598557,1.631677563
3,4,6,5.71859092,0.9125924288,6.034249818,0.6794111851,-1.830593907,1.159747043,0.3399379666
3,4,7,59.76809864,3.84939326,58.92213851,4.840831362,-3.714249504,0.05545440817,-0.1992131163
3,4,8,89.12341266,4.516102729,85.94314457,6.276343846,-3.861311646,0.03630572111,-0.6059701981
3,4,9,29.80902668,3.720134825,20.56368907,-3.534156711,-0.7089954067,0.06831010121,-2.416380039
3,4,10,11.15679633,4.680303324,12.87227722,2.844019365,0.2115632241,0.0454189001,0.3655983207
3,4,11,22.77280115,2.49152326,24.29145639,0.6556800681,-3.862430595,0.1498255601,0.587830545
3,4,12,29.51201934,3.33595163,31.43184825,-1.008169078,4.340905288,0.083945882,0.5562400104
3,5,0,24.33511462,3.413438809,20.59081399,-1.33226763e-15,-3.606948396,0.08207119781,-1.072669906
3,5,1,203.4763354,5.585707532,206.7787895,-5.690541091,-9.913052991,0.01460653946,0.3991264053
3,5,2,35.22317392,2.749382388,35.13079658,-4.173253236,-2.186540735,0.115264364,-0.03136266861
3,5,3,13.55203135,2.794441201,10.66463488,2.567195593,-0.3844966652,0.1254045327,-1.022499344
3,5,4,3.702184087,1.522999687,0.9072403848,0.3049877008,0.6929734811,0.4288415503,-1.830296685
3,5,5,65.21885564,3.092835953,62.94183866,2.677027147,5.709870937,0.07466150275,-0.6221779742
3,5,6,44.29656065,4.100999314,42.65355439,3.511610535,3.823449388,0.05380925935,-0.3811252537
3,5,7,59.79797023,4.230295331,53.79669116,1.611295829,-5.603085446,0.04736280109,-1.306058146
3,5,8,15.56488558,2.494308579,13.08479848,-1.101053717,2.656156067,0.1552888015,-0.9773204864
3,5,9,14.76888463,2.618716385,8.184103026,1.697802641,1.512779109,0.1417638707,-2.479271892
3,5,10,39.23846088,3.755496358,33.25139861,-3.947149479,-2.330136744,0.06456009643,-1.521233429
3,6,0,6.658548104,4.114571893,5.578451459,-1.33226763e-15,-1.877413777,0.05892889255,-0.2621964195
3,6,1,80.94750133,4.677095795,73.62439978,5.213050393,-4.398052235,0.03600687598,-1.389593514
3,6,2,19.52865483,2.580905664,18.58704152,3.342355656,-0.7567523088,0.1427693281,-0.3557869757
3,6,3,172.6058451,9.702931595,157.8242001,-7.1648502,-6.955888619,0.00826716969,-1.344005964
3,6,4,40.14952295,4.312807809,34.18925231,4.352647694,1.629894701,0.0498725831,-1.331057791
3,6,5,10.925845,2.048475254,8.500282707,2.264253832,0.4939267542,0.2323588757,-1.169208775
3,6,6,14.95501939,2.297450514,15.1292585,-2.613819251,1.65142441,0.182496198,0.07443420586
3,6,7,46.60959122,4.560387107,48.02428554,1.052420632,5.407034429,0.04395152484,0.2965852743
3,6,8,16.83416647,3.234430429,14.25391302,-2.564761642,-1.55825995,0.09331326089,-0.7881956804
3,7,0,11.4550019,3.315274448,7.986924665,8.326672685e-16,2.246430388,0.09001596863,-1.040515467
3,7,1,90.96017331,5.879833524,92.48965035,5.720192167,-5.071287618,0.02379885961,0.2359505726
3,7,2,25.57115295,5.982203421,21.06799092,2.004575626,3.048483594,0.02749121754,-0.7466456868
3,7,3,8.212252803,2.135033226,11.20656363,-2.653526486,-0.1988460128,0.2164940841,1.393220633
4,0,0,271.6183216,8.323174878,258.4631623,-12.7791656,3.552713679e-15,0.00737060345,-1.129399616
4,0,1,43.26840212,1.919050702,41.38651155,1.776356839e-15,-5.11366863,0.1862997143,-0.8122700902
4,0,2,125.1914687,3.510711777,118.9792898,-8.670394485,5.329070518e-15,0.0378347754,-1.208341046
4,0,3,9.058345893,0.6536833889,9.719447568,5.329070518e-15,2.478129296,1.995409599,0.9338654026
4,0,4,291.0918074,4.588824446,281.7023488,13.34130784,-7.993605777e-15,0.01027555904,-0.9517947026
4,0,5,2.49165641,0.4980344021,2.242791206,0,-1.190412815,3.94281682,-0.494159875
4,0,6,76.7047784,2.381148343,78.40337775,7.038345112,-3.552713679e-15,0.09119820451,0.5129607053
4,0,7,30.49755024,1.988185671,30.71698131,-3.552713679e-15,4.405471926,0.2087694538,0.1002609031
4,0,8,69.92404576,3.068381612,74.06871855,-6.841015694,4.440892099e-15,0.07238298937,1.115086372
4,0,9,12.08954128,2.118980719,10.84821889,-3.552713679e-15,2.618076853,0.2163743171,-0.5774141816
4,0,10,102.335659,5.399044444,97.8040154,7.861067292,-8.437694987e-15,0.02592351935,-0.7296300763
4,0,11,87.02217796,5.859449768,84.76358107,-2.220446049e-14,-7.31825974,0.0243020895,-0.3520955481
4,0,12,39.18647902,5.946270453,37.94952914,-4.896732355,5.440092821e-15,0.02721817629,-0.2040711511
4,0,13,6.487847216,2.472060258,10.41326241,8.881784197e-16,-2.565054384,0.1626289988,1.583013407
4,0,14,99.7330677,8.135537425,110.4384118,-8.353399413,1.065814104e-14,0.0133086705,1.23500287
4,1,0,437.838719,9.815369491,429.8941258,-16.48101394,7.105427358e-15,0.003719214928,-0.4845039271
4,1,1,321.6941987,6.083711693,327.9987981,-6.223919949,-12.98095573,0.007683442789,0.5526312332
4,1,2,35.6604223,0.9899746124,34.99108513,-1.181032211,4.551251558,0.4706881586,-0.4592102555
4,1,3,27.74123106,1.231125365,27.74344425,1.134178831,4.030263634,0.45283949,0.00148933486
4,1,4,143.1770464,2.659423498,142.3692912,8.76727263,3.617925276,0.03918152415,-0.1598896656
4,1,5,102.6986363,2.307394494,104.2855769,3.242753392,7.441520807,0.06749287733,0.4122775079
4,1,6,161.509078,3.255876466,157.6185729,1.689652143,-9.835375807,0.02934496554,-0.6664580084
4,1,7,91.10171089,2.244229849,94.86752404,-4.259642123,6.465016516,0.07996074138,1.064871427
4,1,8,58.31359375,1.820912783,61.67945284,-1.607730206,6.032137235,0.1568344273,1.332958509
4,1,9,1.637306045,0.7270214043,2.364670437,1.222122873,-0.02250308078,1.883335586,0.9981961553
4,1,10,18.91201553,1.41337962,19.11701802,-1.146297392,3.280987264,0.4311199918,0.1346040716
4,1,11,55.19147971,2.503613642,56.77075692,2.715391366,-5.338222631,0.1109930792,0.5261460555
4,1,12,136.574394,5.468761788,138.3064817,-1.679531474,-9.196009228,0.02141572318,0.2534756639
4,1,13,20.46767697,2.302568353,22.20895667,-2.573325551,-2.722219275,0.176091859,0.7306984311
4,1,14,36.81040967,3.466387251,35.44080519,-1.072950059,4.608867173,0.07555525818,-0.3764675203
4,2,0,66.35578257,1.975581391,68.37658279,6.572897617,-2.886579864e-15,0.1271342225,0.7205342291
4,2,1,127.3955659,2.5919989,124.3227375,-8.729794399,-1.530564682,0.04689304175,-0.6654148842
4,2,2,163.975443,2.98667958,159.33982,2.558809875,9.702040224,0.03019377803,-0.8055023878
4,2,3,178.7500665,3.304639062,174.7791589,-3.345431914,9.961945204,0.02520347586,-0.630405521
4,2,4,11.58516059,0.7387301042,12.53952702,1.890215356,-2.085676519,1.50033791,1.168987037
4,2,5,65.78765128,2.04193793,68.73959427,3.073045898,-5.829985999,0.1239968029,1.03947299
4,2,6,134.984311,3.289892426,136.6235897,-8.588349143,-3.544623266,0.03673488583,0.3141898425
4,2,7,110.7631898,3.205298402,114.8564235,-1.649469986,-8.357631366,0.04691405527,0.8865801918
4,2,8,114.3112105,3.944274071,121.0224141,-8.567509371,1.750556774,0.03660637589,1.284040674
4,2,9,46.4906986,2.403613608,48.10594489,2.686803132,4.814176459,0.1294899855,0.5812418046
4,2,10,150.0807637,5.396898849,153.6932977,9.833167242,0.6467010012,0.02024359963,0.5139913586
4,2,11,36.57320819,2.83646252,41.31385865,-0.4894230033,5.085682555,0.1081155975,1.558770261
4,2,12,8.130278359,1.728757982,7.694496411,1.946975223,-1.034876528,0.3280737162,-0.2496059619
4,2,13,0.5881725122,1.432094647,1.969915937,0.7001470208,-0.8685986513,0.4875179722,0.9647676264
4,2,14,10.04464903,4.870726216,11.4885917,-2.68723915,-0.1941251989,0.04199073127,0.295887534
4,3,0,13.29331043,2.709877475,16.76415309,3.254572724,8.881784197e-16,0.1332893155,1.267163327
4,3,1,137.9808909,3.291597495,144.304427,-8.908193417,3.438202543,0.03575327249,1.19568809
4,3,2,29.7384038,1.10812664,29.06672404,4.230288977,0.6856685476,0.49410043,-0.4721390046
4,3,3,92.24838381,2.134962149,93.30624779,-2.535543549,7.247450135,0.08185415199,0.3026566248
4,3,4,27.23021434,1.734366566,27.37081434,-3.236568965,-2.611238375,0.2720819314,0.07333903334
4,3,5,307.2983014,5.411244787,314.7178253,9.78925096,-10.14995182,0.008751157985,0.6940788348
4,3,6,85.2097101,2.423079268,88.782831,-5.764300426,-4.782184079,0.08060655877,1.014455268
4,3,7,63.10526622,2.651345037,63.90630584,-1.934663882,-6.052731944,0.09421804877,0.2458787797
4,3,8,60.47772507,3.168230218,59.37707852,1.341151492,5.976458744,0.07502166763,-0.3014680091
4,3,9,73.54100008,3.774713001,71.28090212,-6.551748781,1.453489884,0.05231244805,-0.5169276768
4,3,10,15.714295,2.415182094,16.59887698,2.524087739,2.028989114,0.1651432284,0.3594748181
4,3,11,30.76454075,2.697289199,30.31607315,2.479211973,3.606713395,0.123043905,-0.1573117351
4,3,12,20.31573446,3.395132709,25.45303232,1.063394461,-3.866704993,0.08404503884,1.489329488
4,3,13,61.30884331,6.470607446,70.39199473,3.651323182,5.58070226,0.02209863801,1.350265925
4,4,0,78.02402968,2.642479133,83.91848545,-7.281686711,4.218847494e-15,0.08024606488,1.669765893
4,4,1,123.9145002,3.022305159,134.5450238,-3.796336057,-8.402297835,0.0435660531,2.218854203
4,4,2,60.93582255,1.738758985,57.89106035,-1.73280275,-5.794412569,0.1571057395,-1.206839192
4,4,3,104.2978755,2.627329412,109.9727984,4.7373732,6.858745095,0.05990498355,1.388965448
4,4,4,43.84004881,1.740482023,46.1430396,4.641858569,-2.758281207,0.2101267403,1.055681385
4,4,5,84.77706969,2.57589262,83.19709196,5.325450134,4.920034327,0.07631456118,-0.4364702724
4,4,6,64.84003081,2.391061582,59.79075648,1.236350555,6.020760879,0.1052522768,-1.638116241
4,4,7,33.71671681,3.446390147,42.70109945,-4.41974909,-2.728741941,0.0775149312,2.501387198
4,4,8,4.436262953,1.952635983,3.877576725,1.528257552,-0.3382788276,0.2610625471,-0.2854567067
4,4,9,4.9228296,1.834233977,2.843783966,-1.337902207,-0.08264952114,0.2953140941,-1.129811808
4,4,10,22.53778941,3.123047063,27.78655565,1.41561241,-3.943687049,0.09793763214,1.642600805
4,5,0,0.08042366547,1.272160372,0.3927540623,0.4981538763,-2.220446049e-15,0.6178950433,0.2455113694
4,5,1,62.29520518,3.583957997,69.64109756,-1.144982417,-6.533832561,0.06120933142,1.817411951
4,5,2,31.90284197,2.643742028,34.74842813,-0.7525756235,4.62482839,0.1264960673,1.012069304
4,5,3,32.32935653,2.092189358,35.60763086,-1.39452339,4.533606721,0.1880432732,1.421589458
4,5,4,20.209205,1.8325554,17.31389691,-3.306118428,-0.09578135839,0.2683965673,-1.499972381
4,5,5,7.967246613,2.51689963,4.9731621,-0.07015568717,1.771246827,0.1564476848,-1.184264266
4,5,6,24.0238801,2.546338446,24.13263441,3.810976071,0.8511157012,0.1427904064,0.04109566133
4,5,7,18.57471514,2.433744393,18.08595395,0.1152588822,3.378479565,0.1604201774,-0.1957610157
4,5,8,71.09259361,7.577419711,65.70914927,6.431875573,0.3854497372,0.01613787408,-0.6838854886
4,5,9,5.888478272,2.263498927,4.185643344,1.400242945,-0.8270259195,0.194000189,-0.7500213503
4,5,10,99.39250932,8.068154897,87.16631895,-5.965456312,-4.414566775,0.01351605101,-1.421399195
4,6,0,-0.6209722332,2.277601581,0.0005526560719,0.01868661527,3.330669074e-16,0.1927722377,0.2728856945
4,6,1,79.70647777,4.710484218,83.12722818,-4.553216009,5.638371949,0.03583398157,0.6475434583
4,6,2,13.07018325,2.165823396,12.29881766,2.784795471,-0.1256395169,0.2064180447,-0.3504564756
4,6,3,43.2639069,2.982093781,46.17604843,-3.264316866,-4.30349368,0.09454054452,0.8954091507
4,6,4,1.818165794,2.049633781,2.797203136,-1.089578318,0.7617091102,0.2378701794,0.4774954708
4,6,5,30.43728587,2.732776463,30.68208901,-0.7382889608,-4.340629676,0.1204550397,0.0849629278
4,6,6,48.45163261,4.301540277,45.97529453,-4.293947933,3.257451378,0.04850588913,-0.5453900006
4,6,7,4.588488607,1.938518781,7.064149294,0.7178160176,1.986993785,0.2647741409,1.273881129
4,7,0,3.013463833,2.624189171,0.008777947356,-0.07447313861,2.220446049e-15,0.1450422737,-1.14431707
4,7,1,42.09392511,3.825942486,44.90407288,5.116949698,1.479515001,0.06160463598,0.6974865795
4,7,2,7.146963075,2.017745101,7.688098591,1.798027893,-1.274651031,0.2428795922,0.2666868188
5,0,1,305.6989275,6.303722033,318.540024,5.329070518e-15,14.18682382,0.008074703126,1.153892602
5,0,2,160.2520366,4.582035619,167.2833161,-10.28086096,3.108624469e-15,0.02267178142,1.058710418
5,0,3,61.72871277,2.569771203,59.47498418,8.881784197e-15,6.130139235,0.09966994676,-0.7115144549
5,0,4,458.9462667,15.36830431,481.1264561,17.43543513,-1.398881011e-14,0.002348778117,1.074945006
5,0,5,225.0204393,4.581835326,225.6277792,-1.176836406e-14,-11.93986608,0.01502313715,0.07444098395
5,0,6,2.0232422,0.687662383,0.8189308362,-0.7193276982,1.33226763e-14,2.098355323,-1.744529427
5,0,7,8.774284185,1.156383895,10.14210434,-4.440892099e-16,2.531437494,0.7109781583,1.153339402
5,0,8,150.9399114,10.10093236,162.5654502,-10.13484933,-3.552713679e-15,0.008161039794,1.050233428
5,0,9,82.19578555,6.243688053,86.27879914,7.993605777e-15,7.383379937,0.02219057701,0.6082261984
5,0,10,7.759798161,2.109848348,8.136456865,2.267361847,-1.199040867e-14,0.2219434085,0.1774471925
5,0,11,20.97134794,3.121505994,26.04411864,-8.437694987e-15,-4.056560932,0.098623051,1.593068495
5,1,0,360.0947441,11.41811819,366.8694194,-5.329070518e-15,-15.22505701,0.004047356904,0.4309969856
5,1,1,146.2527024,3.581667284,143.7259172,-7.859951509,5.388207864,0.03117283924,-0.4461249391
5,1,2,589.0108479,8.97280526,566.4520583,-16.71952734,8.852335064,0.002546138348,-1.138300153
5,1,3,212.9968248,9.503018627,231.2038273,11.37133212,4.095896947,0.007625540475,1.589914488
5,1,4,114.6943268,3.250341998,119.9105581,-7.248830312,4.818569405,0.0446348212,1.102030821
5,1,5,10.6658563,1.005880198,11.01987379,0.5083215105,2.589284436,0.8975215191,0.3353877161
5,1,6,265.0583613,5.264681141,260.9724437,6.628271848,-10.99811562,0.01099538965,-0.4284448458
5,1,7,90.13664205,2.714583302,90.58398998,-7.555017405,0.395219231,0.06811471597,0.1167524226
5,1,8,64.09744204,3.013573448,62.24191722,4.157742388,4.694682218,0.07825179974,-0.5190556671
5,1,9,98.25856617,3.948212045,89.74138979,2.437479975,-7.124660697,0.04119014882,-1.728591294
5,1,10,8.226577976,1.622460987,7.461773658,1.110183385,1.86604703,0.3712932979,-0.4660246471
5,1,11,44.56945731,4.591545857,38.97397896,4.611335824,-1.833264002,0.0437252396,-1.170047029
5,2,0,178.6240514,7.003235091,176.9218246,-2.220446049e-15,-10.57289395,0.01285988413,-0.1930349507
5,2,1,37.55401113,1.369470929,42.1049433,-2.766138704,4.353391394,0.3179929302,2.566309873
5,2,2,196.0087113,5.89120161,210.7533392,-11.47639897,-1.205993001,0.01443340309,1.771406302
5,2,3,33.02616128,1.912831287,26.86440325,4.0988627,0.4162918003,0.215490392,-2.860346167
5,2,4,181.5528186,4.212176915,175.1416628,5.403349074,9.025803555,0.02109361193,-0.931133185
5,2,5,62.31036018,2.151458421,66.89616071,-4.263470031,-4.908199074,0.1231057681,1.608993766
5,2,6,15.10699826,1.663373013,14.78272148,-3.027886997,-0.4149679824,0.3364500905,-0.1880945379
5,2,7,16.3010741,1.733592832,15.40046993,3.02058247,0.778907647,0.3082142213,-0.4999888153
5,2,8,65.04318456,4.171943249,61.73041491,-1.16059944,-6.136504281,0.0471416492,-0.7192727783
5,2,9,28.61193415,2.594935652,24.06766887,3.593078784,1.515478027,0.1338603946,-1.662607467
5,2,10,133.2550337,5.673446017,133.6323665,8.054549864,4.422482385,0.02076015236,0.05436755102
5,2,11,49.32861587,8.305834069,43.6945309,-5.247639806,0.2649144663,0.01404950977,-0.6678116301
5,3,0,71.70295247,2.669988822,72.70880422,-4.440892099e-15,-6.777923649,0.08506278475,0.2933619442
5,3,1,40.92611733,1.490085828,37.9134975,1.212481565,4.741846689,0.2682541484,-1.560333936
5,3,2,36.33929965,1.894428429,37.17563058,4.025610505,2.698790216,0.2093210978,0.3826349742
5,3,3,68.38587468,2.546622325,74.20650113,-0.04263645258,-6.847242821,0.09350819069,1.779895704
5,3,4,69.36887895,2.364541906,69.58755361,6.569599458,0.8991576487,0.1007871918,0.06942263964
5,3,5,65.342456,2.832562018,65.88161852,-2.588334355,-5.909914799,0.08427382581,0.1565186347
5,3,6,42.90710891,2.269043211,44.72131245,4.496087878,-2.835816901,0.1469405129,0.6954353892
5,3,7,112.8663345,3.98061258,111.7441159,1.01606795,8.340976099,0.03661634905,-0.2147410051
5,3,8,186.8645588,6.032376025,177.6852648,-8.791113768,5.914793012,0.01474576368,-1.114661272
5,3,9,0.2353422559,1.57103181,1.391383599,0.7945511933,0.4978138685,0.4051550643,0.7358410327
5,3,10,101.2663926,12.22787208,104.5278123,-8.086050937,-0.8127210289,0.006299202694,0.2588507839
5,4,0,32.53094584,2.259667478,33.1046382,1.998401444e-15,4.573488529,0.1650564501,0.2330747949
5,4,1,23.92556135,1.410983366,20.94169193,-3.041236309,-1.995659481,0.3990322198,-1.884880386
5,4,2,4.113819947,0.7921617822,3.093032733,0.9093291437,1.061799806,1.555811343,-1.273250011
5,4,3,162.0749613,10.44824914,157.7052853,9.654950017,-2.535008888,0.007529702388,-0.379173641
5,4,4,37.85801992,2.635556933,37.90076925,4.849517366,-0.6552561929,0.1214171757,0.01489598765
5,4,5,80.42356165,6.817533889,74.05133649,-6.348063186,2.547666942,0.01912048716,-0.8811312216
5,4,6,16.03057579,2.244103232,15.32040622,-1.901015133,-2.462959537,0.1898512817,-0.3094345629
5,4,7,31.21754998,3.087796671,36.42173911,-3.957514217,2.711227,0.09604699234,1.612853628
5,4,8,32.83357628,4.900261046,39.55038134,-3.348854484,-3.711420491,0.04002754267,1.34382343
5,5,0,1.100439467,2.326083368,1.555185155,1.33226763e-15,0.9912751571,0.1847829843,0.1954787611
5,5,1,158.6370962,10.76863554,168.6653085,0.2785302742,10.31948252,0.007214347888,0.8517694485
5,5,2,24.78042993,5.196065322,23.41428837,-3.496897632,1.601800409,0.03629532518,-0.2602681656
5,5,3,11.97677184,1.947151036,14.71743551,-0.9560101601,2.895702412,0.2550697724,1.384156638
5,5,4,46.913997,4.033528577,53.93374894,-5.837438577,-0.04183374619,0.05479396936,1.643191377
5,5,5,48.43255161,5.458610904,52.35293745,-0.2613505881,-5.745460549,0.03134052136,0.694035875
5,6,6,24.08894416,5.326659428,28.37773282,2.293056539,3.5597818,0.03460740475,0.7978461654
6,0,0,0.842237495,1.850063621,0.7119578433,0.6707030953,8.881784197e-16,0.2921094949,-0.07041244508
6,0,1,111.0272344,4.531121614,93.37260227,3.552713679e-15,7.680914001,0.03162014824,-3.13935641
6,0,2,20.91710158,1.914910837,19.65702882,3.524212672,-4.662936703e-15,0.2462656196,-0.6253130869
6,0,3,1.881664563,0.9405421726,2.794627586,-1.110223025e-15,1.328816897,1.126371983,0.9689338031
6,0,4,24.9852775,2.304161721,21.73935934,-3.706180288,0,0.1703287658,-1.339619826
6,0,5,83.56141304,6.304496739,83.72610355,-1.110223025e-14,-7.273335342,0.02172451932,0.02427412893
6,0,6,14.01914691,3.85218884,14.4677355,-3.023454598,3.552713679e-15,0.06659455945,0.1157624205
6,0,7,137.3827004,8.978066479,144.4713203,-1.720845688e-15,-9.554192605,0.01024671178,0.717552941
6,0,8,26.44153595,9.207831497,34.56306402,4.673145349,4.440892099e-16,0.01170776479,0.8787690333
6,0,9,12.52653757,4.1820411,13.16755999,0,2.884402239,0.056719276,0.1526646756
6,1,0,1.753196627,1.175794014,1.476742428,0.9659520035,4.440892099e-16,0.7218872425,-0.2348864016
6,1,1,1.341049951,0.8201232446,0.4496323474,0.2300207059,0.4808177107,1.483193835,-1.085625816
6,1,2,8.850769301,1.260201586,9.028464354,-1.769210711,1.604502481,0.6029142912,0.1379758652
6,1,3,13.5309829,2.357212029,16.34438933,0.2004074077,-3.207313115,0.174787672,1.176218143
6,1,4,18.38654079,2.017511594,22.25578074,-1.247440433,-3.53637665,0.2285917313,1.849932669
6,1,5,12.56796128,2.285469627,12.06541636,1.959063589,1.945628162,0.1863748885,-0.2169544611
6,1,6,24.50031097,2.90497776,26.93593975,2.665271326,3.148889106,0.1113693085,0.8128190216
6,1,7,9.066500671,3.533620908,7.996692302,-0.4807694227,2.19578729,0.07961493115,-0.3018583911
6,1,8,10.74445927,4.342663595,10.41493963,2.383490399,-0.9484393758,0.05273531162,-0.07567145138
6,1,9,7.97231258,4.101356483,11.58437252,-2.670261931,-0.434923108,0.0592475783,0.8792052043
6,1,10,-3.575090127,3.299587625,2.009415219,0.1096626341,-1.121427999,0.09185031876,1.692485844
6,2,0,92.83380046,6.073949903,90.9766238,-7.581725895,3.552713679e-15,0.02239683266,-0.2779370993
6,2,1,88.37871702,4.740482447,98.17606743,3.52377083,-7.043755748,0.03389613149,1.803780589
6,2,2,3.968037173,1.162089368,4.946795892,1.446830717,-1.016001389,0.732803402,0.8378559966
6,2,3,0.6942233537,1.189621893,1.389924038,-0.238364199,-0.9063059903,0.7063972755,0.5847186396
6,2,4,22.49144229,2.284366605,23.94889806,3.554004738,1.581421862,0.1762546473,0.6118791744
6,2,5,94.06337839,5.047043003,95.2663032,-2.106386532,7.467000035,0.02990808917,0.2080332796
6,2,6,1.308372313,1.526873608,0.8217633096,-0.5674400927,0.4441100601,0.428654036,-0.3185910699
6,2,7,72.88683204,5.778818319,63.96097461,1.628727832,6.144939042,0.02619447979,-1.444624029
6,2,8,-2.972930604,2.826607242,0.1304131543,0.09395949252,-0.2712410632,0.1251610118,1.097904127
6,2,9,-0.6254283667,3.10119,2.468689188,-1.24707745,-0.06790897749,0.1039784287,0.9977194413
6,3,0,3.367183439,3.893733863,0.006915861725,-0.0661037842,-1.33226763e-15,0.0659136362,-0.8627033746
6,3,1,-1.439201449,2.616243199,3.579108982,0.5645456267,1.393810756,0.1460978333,1.918136064
6,3,2,45.27705731,3.628319549,48.73166566,0.6283280155,5.513235408,0.0666235236,0.8916873743
6,3,3,3.074783062,1.812168481,5.191708805,-1.507193073,-1.00433684,0.3037239474,1.166662241
6,3,4,12.09389065,3.566909778,8.951633241,1.695232555,-1.667985748,0.07779388168,-0.87642444
6,3,5,20.54396604,3.439966668,22.4609535,-3.313659965,1.792027122,0.08187849064,0.548534801
6,3,6,18.69510137,3.273699122,16.54501211,-2.025331151,-2.520280848,0.0906481719,-0.6473453236
6,3,7,42.09214923,7.363334856,32.45347971,-0.1378677094,-4.526186317,0.01791688468,-1.29017416
6,3,8,9.574589602,4.624672723,15.5462303,-3.10228938,0.4455482573,0.04657639448,1.288773515
6,4,0,-6.083433483,3.70168635,0.4297743592,-0.5211028182,-2.220446049e-16,0.07297948006,1.759524505
6,4,1,82.82334153,9.25715568,76.59921518,-1.769934675,6.727978383,0.01088510411,-0.6493736971
6,4,2,16.38942887,3.821428753,19.17526482,0.8318899481,3.379887106,0.06736243188,0.7230434859
6,4,3,36.69353968,5.228548497,25.67318183,-3.834716439,-1.231366775,0.03502689091,-2.062512037
6,4,4,12.42920387,4.717750787,7.504493757,0.6713852023,-2.071442202,0.04465041366,-1.040622987
6,4,5,132.4243932,13.4814902,113.5307821,4.641250522,-7.084628086,0.005062440751,-1.344296134
6,4,6,38.70179592,7.824746641,39.27122284,-1.249621744,-4.821984106,0.01598089807,0.0719844325
7,0,1,78.79855828,4.431753823,69.37158157,8.881784197e-16,-6.620548466,0.03963734454,-1.876829019
7,0,2,567.9580307,22.31479419,535.6274166,18.39647313,-8.437694987e-15,0.001268602901,-1.151534103
7,0,3,-2.228368842,3.713386373,0.1615690373,-5.773159728e-15,-0.3195083701,0.07252032161,0.6436006491
7,0,4,23.06742326,6.051793962,15.61439733,-3.140984436,8.437694987e-15,0.0269519218,-1.223566283
7,0,5,35.73686555,7.078823718,27.68604026,2.664535259e-15,4.182477316,0.01950870966,-1.124487611
7,1,0,280.9467618,11.46305946,247.9022918,6.217248938e-15,12.51536276,0.004939742382,-2.322474425
7,1,1,26.56177567,2.515164898,29.44016117,3.339376509,2.729469329,0.1436569096,1.090968519
7,1,2,73.39766685,3.941009482,64.39741846,4.841065775,-4.15365797,0.04906758948,-1.993663495
7,1,3,88.47390962,11.2691452,81.59512503,-6.058663151,3.853254824,0.007460542893,-0.5941511279
7,1,4,148.8277482,8.352598789,129.0796066,6.014183915,-6.736995259,0.01114819306,-2.085107613
7,1,5,35.23885612,5.329522701,29.31205117,3.0581716,-3.027883728,0.03387371907,-1.090817446
7,2,0,-0.9694608431,1.914698485,3.14669775,-3.330669074e-16,-1.410037575,0.2727716386,2.149768554
7,2,1,39.11191898,3.430905885,44.94724558,-3.605332382,-3.924410205,0.07605787081,1.609300884
7,2,2,10.76459157,3.079783779,11.03012737,-0.7674647336,2.52591788,0.1042822797,0.08574885644
7,2,3,19.01795143,3.044168857,16.8887915,3.01219928,1.263982003,0.1042483468,-0.6874527787
7,2,4,106.2136029,12.51332653,118.2904574,-8.643376781,0.1804085359,0.005997485707,0.935273107
7,2,6,22.95313165,5.533300953,25.20895848,1.387972389,-3.741862182,0.03216304755,0.4045613169
7,2,7,73.67014856,9.542616726,80.78853734,-6.074656208,-3.760836399,0.01042251894,0.726721569
7,3,0,5.083869595,5.552384188,5.508767713,8.881784197e-16,-1.865650983,0.03241256651,0.07649649165
7,3,1,1.836332633,1.586384772,0.7333421105,0.6785116061,-0.05455321983,0.3968802747,-0.6948667615
7,3,2,128.1060163,8.936007515,122.2612159,-8.5099799,-2.197642165,0.01056833699,-0.6008596127
7,3,3,28.46071646,3.375785031,29.94873268,-3.116905112,3.034415275,0.08247466403,0.4273344889
7,3,4,5.001457603,7.004522041,12.25860257,-0.0666415122,2.782268958,0.02037247313,1.035828069
7,3,5,23.43319195,5.800482171,28.02389337,2.9318433,-3.018423445,0.02929132871,0.7856852194
7,3,6,7.563084415,4.414526727,9.350224955,0.8147866537,2.289969065,0.05117831299,0.4042980901
7,4,1,5.369525687,4.030949155,9.757603633,1.489584142,-1.986547854,0.06144582124,1.087728505
7,4,2,5.783127296,3.532049632,7.830905594,1.717322798,1.413744313,0.07996497719,0.579072372
8,0,0,16.96920298,5.308814679,18.7294028,3.440053019,-1.998401444e-15,0.0351584411,0.3300477513
8,0,1,9.62066842,4.682431891,1.501094057,-8.881784197e-16,0.9738837603,0.0454370523,-1.730765932
8,1,0,9.612059776,3.709500442,7.146719607,-2.124988299,4.440892099e-16,0.07223582717,-0.6626026631
8,1,1,32.30404372,6.45404057,23.20141348,2.510917015,2.890475862,0.0234775756,-1.394740864
